actor_id,name_unified,source,Sher,Sher number,In Sher but not yet included,scottish
NV4580,"[Callin, John], merchant.",mikko_annotated,,,,
NV4815,"[Carbeth, Margaret Kincaid], Lady.",mikko_annotated,,,,
107045019,"[Collins, Samuel, -1793],",wikidata,,,,
NV11389,"[Forrest, David], of Gimmersmill.",mikko_annotated,,,,
NV11524,"[Fraser, Alexander, of Torbreck].",mikko_annotated,,,,
NV12795,"[Gibb, Andrew], of Dalkeith.",mikko_annotated,,,,
NV13218,"[Goodwin, Alexander].",mikko_annotated,,,,
NV13230,"[Goodwin, Katharine].",mikko_annotated,,,,
NV15174,"[Heron, Patrick, approximately 1735-1803].",mikko_annotated,,,,
NV15227,"[Hetherington, Richard], tenant in Bowhill.",mikko_annotated,,,,
NV15597,"[Home, Alexander].",mikko_annotated,,,,
NV18378,"[Lauder, Charles], writer in Edinburgh.",mikko_annotated,,,,
317273353,"[Lees, John, 1740-1807]",wikidata,,,,
NV19712,"[M'Kie, John, merchant in Stranrawer].",mikko_annotated,,,,
NV19838,"[MacDowall, William], of Castlesemple, Esq.",mikko_annotated,,,,
NV19982,"[MacNeil, Neil], of Rothesay.",mikko_annotated,,,,
NV_BH_X07945947X,"[Maul, Alexander].",mikko_annotated,,,,
NV21805,"[Murdoch, John], merchant in Glasgow.",mikko_annotated,,,,
NV23525,"[Omey, Samuel].",mikko_annotated,,,,
NV28654,"[Sinclair, John], of Mey, Sir, -1774.",mikko_annotated,,,,
57493453,"[Skirving, Adam, 1719-1803.]",wikidata,,,,
NV30199,"[Stewart, Daniel], grocer in Edinburgh.",mikko_annotated,,,,
NV32898,"[Watt, William], farmer at Tynefield.",mikko_annotated,,,,
58029632,"Abell, John, 1653?-approximately 1716.",wikidata,,,,
22002668,"Abercorn, James Hamilton, Earl of, 1712-1789.",mikko_annotated,,,,
6346179,"Abercrombie, Alexander, 1675-1753.",mikko_annotated,,,,
62678578,"Abercrombie, John, 1726-1806.",wikidata,,,,
51539896,"Abercromby, Alexander Abercromby, Lord, 1745-1795.",wikidata,,,,
54480855,"Abercromby, David, -1701 or 1702.",wikidata,,,,
16181635,"Abercromby, Patrick, 1656-1716?.",wikidata,,,,
5736544,"Abercromby, Ralph, Sir, 1734-1801.",wikidata,,,,
39807099,"Aberdeen, George Gordon, Earl of, 1722-1801.",mikko_annotated,,,,
237379786,"Abernethy-Drummond, William, 1719?-1809.",mikko_annotated,,,,
72805274,"Adair, James Makittrick, 1728-1802.",wikidata,,,,
39277932,"Adair, Thomas, 1749-1820.",mikko_annotated,,,,
10713178,"Adam, Alexander, 1741-1809.",wikidata,yes,1,,
78620919,"Adam, James, 1732-1794",wikidata,,,,
62975960,"Adam, John, 1720-1792.",wikidata,,,,
59122607,"Adam, Robert, 1728-1792.",wikidata,yes,2,,
45713784,"Adam, William, 1751-1839.",wikidata,,,,
18634944,"Adams, James, approximately 1677-1734.",mikko_annotated,,,,
8321061,"Adamson, Patrick, 1537-1592.",wikidata,,,,
304992074,"Aitchison, Thomas.",mikko_annotated,,,,
50639143,"Aitken, James, 1752-1777.",wikidata,,,,
41700155,"Aitken, Jane, 1764-1832,",wikidata,,,,
81403210,"Aitken, John, -1790.",edinburgh_first_manual_added,,,,?
72768102,"Aitken, John, 1745 or 1746-1831,",wikidata,,,,
18468007,"Aitken, Robert, 1735-1802,",wikidata,,,,
17125311,"Aiton, John.",mikko_annotated,,,,
37034399,"Aiton, William, 1731-1793.",wikidata,,,,
47502913,"Alesius, Alexander, 1500-1565,",wikidata,,,,
60463015,"Alexander, James, 1691-1756.",wikidata,,,,
53242966,"Alexander, William, -1783 November 17.",sher,yes,3,,
88060922,"Alexander, William, -1783.",sher,,,,
36818787,"Alison, Alexander, deputy-treasurer of Excise.",mikko_annotated,yes,4,,
14846310,"Alison, Archibald, 1757-1839.",wikidata,,,,
58661390,"Allan, David, 1744-1796.",wikidata,,,,
118858392,"Allardyce, Alexander, 1743?-1801.",wikidata,,,,
17561749,"Alston, Charles, 1683-1760.",wikidata,yes,5,,
71746451,"Alves, Robert, 1745-1794.",wikidata,,,,
44640384,"Anderson, Adam, 1692?-1765.",wikidata,,,,
26024736,"Anderson, George, 1676-1756.",mikko_annotated,,,,
66495584,"Anderson, James, 1662-1728.",wikidata,,,,
77099040,"Anderson, James, 1739-1808.",wikidata,yes,6,,
100237017,"Anderson, James, approximately 1680-1739.",wikidata,,,,
32795252,"Anderson, John, 1726-1796.",wikidata,yes,7,,
60598809,"Anderson, Patrick Jesuit. tr.",wikidata,,,,
2522459,"Anderson, Robert, 1750-1830.",wikidata,,,,
38065568,"Anderson, Walter, 1723-1800.",sher,yes,8,,
100838400,"Annandale, George Van den Bempdé, Marquis of, 1720-1792.",mikko_annotated,,,,
46611805,"Anstruther, Alexander, Sir, 1769-1819.",wikidata,,,,
19241456,"Anstruther, John, Sir, 1718-1799.",mikko_annotated,,,,
315534515,"Anstruther, John, Sir, 1753-1811.",mikko_annotated,,,,
77756812,"Anstruther, Robert, Sir, 1733-1818.",mikko_annotated,,,,
67653618,"Arbuthnot, Archibald (Merchant in Edinburgh)",mikko_annotated,,,,
51684915,"Arbuthnot, John, 1667-1735.",wikidata,,,,
34313763,"Arbuthnott, John Arbuthnott, Viscount, 1754-1800.",mikko_annotated,,,,
26929949,"Argyll, Archibald Campbell, Duke of, -1703.",wikidata,,,,
64945461,"Argyll, Archibald Campbell, Earl of, 1629-1685.",wikidata,,,,
43218622,"Argyll, John Campbell, Duke of, 1680-1743.",mikko_annotated,,,,
46611851,"Argyll, John Campbell, Duke of, approximately 1693-1770.",wikidata,,,,
59212872,"Armstrong, John, 1709-1779.",wikidata,,,,
51540139,"Arnay, Jean Rodolphe d'.",edinburgh_first_manual_added,,,,no
61389698,"Arniston, Robert Dundas, Lord, 1713-1787.",wikidata,,,,
11864620,"Arnot, Hugo, 1749-1786.",edinburgh_first_manual_added,yes,9,,
312895365,"Arthur, Michael, minister of the Gospel.",mikko_annotated,,,,
45730724,"Arthur, Robert, (Merchant)",mikko_annotated,,,,
53118499,"Atholl, Charlotte Murray, Duchess of, approximately 1730-1805.",wikidata,,,,
249099494,"Atholl, James Murray, Duke of, 1690-1764.",wikidata,,,,
18703711,"Atholl, John Murray, Duke of, 1755-1830.",wikidata,,,,
35927807,"Auchmuty, Robert, 1687-1750.",wikidata,,,,
47878370,"Aytoun, Robert, Sir, 1570-1638.",wikidata,,,,
58153707,"Baillie, George, surgeon in Edinburgh.",mikko_annotated,,,,
100370134,"Baillie, J. (John), -1743.",millar_manual,,,,
NV1980,"Baillie, James, Schoolmaster.",mikko_annotated,,,,
56750310,"Baillie, Joanna, 1762-1851.",wikidata,yes,10,,
47543063,"Baillie, Matthew, 1761-1823.",wikidata,yes,11,,
30601102,"Baillie, Robert, 1599-1662.",wikidata,,,,
76165957,"Baine, James, 1710-1790.",mikko_annotated,,,,
39227280,"Balcarres, James Lindsay, Earl of, 1691-1768.",mikko_annotated,,,,
50595158,"Balfour, Alexander, 1767-1829.",wikidata,,,,
66278920,"Balfour, Francis, active 1812.",mikko_annotated,,,,
32051268,"Balfour, J.",mikko_annotated,,,,
13374132,"Balfour, James, 1705-1795.",sher,yes,12,,
77379074,"Balfour, James, Sir, 1600-1657.",wikidata,,,,
22044748,"Ballantine, Katharine.",mikko_annotated,,,,
61412964,"Ballingall, David.",mikko_annotated,,,,
69275643,"Balnaves, Henry, -1579.",wikidata,,,,
44738920,"Bankton, Andrew MacDowall, Lord, 1685-1760.",mikko_annotated,,,,
306130681,"Bannatyne, James, 1673 or 1674-1756.",edinburgh_first_manual_added,,,,
59768975,"Bannerman, Anne, -1829.",wikidata,,,,
15832599,"Barclay, Captain (Robert), 1779-1854.",wikidata,,,,
68782645,"Barclay, James, rector of the grammar school at Dalkeith.",edinburgh_first_manual_added,,,,
59913032,"Barclay, John, 1734-1798.",wikidata,,,,
2515623,"Barclay, Robert, 1648-1690.",wikidata,,,,
49459344,"Barclay, William, 1546 or 1547-1608.",wikidata,,,,
53229125,"Barjarg, James Erskine, Lord, 1723-1796.",mikko_annotated,,,,
76357269,"Barnard, Anne Lindsay, Lady, 1750-1825.",wikidata,,,,
52793172,"Baron, Robert, 1593?-1639.",wikidata,,,,
7091,"Batteux, Charles, 1713-1780.",edinburgh_first_manual_added,,,,no
14847469,"Baxter, Andrew, 1686?-1750.",millar_manual,,,,
44151426,"Bayne, Alexander, -1737.",mikko_annotated,,,,
39731889,"Beatson, Robert, 1742-1818.",wikidata,,,,
100262518,"Beattie, James Hay.",wikidata,,,,
14766002,"Beattie, James, 1735-1803.",wikidata,yes,13,,
3628435,"Bell, Andrew, 1726-1809.",wikidata,,,,
73912098,"Bell, Andrew, 1753-1832.",wikidata,,,,
22922788,"Bell, Benjamin, 1749-1806.",wikidata,yes,14,,
2619993,"Bell, Charles, Sir, 1774-1842.",wikidata,,,,
50661736,"Bell, George Joseph, 1770-1843.",wikidata,,,,
246598089,"Bell, Hugh.",mikko_annotated,,,,
24713784,"Bell, John, 1691-1780.",wikidata,,,,
35199838,"Bell, John, 1763-1820.",wikidata,,,,
76369238,"Bell, John, approximately 1736-1806.",mikko_annotated,,,,
93144171,"Bellenden, John, approximately 1495-approximately 1548,",wikidata,,,,
32061393,"Bellenden, William, -1633?.",wikidata,,,,
101035944,"Bennet, George, 1750-1835.",wikidata,,,,
306130801,"Bethune, John, 1725-1774.",sher,yes,15,,
65413236,"Beveridge, John, 1703 or 1704-1767.",wikidata,,,,
62990787,"Binning, William, 1710-1791.",mikko_annotated,,,,
32387501,"Bisset, Charles, 1717-1791.",millar_manual,,,,
3893278,"Bisset, John, 1692-1756.",mikko_annotated,,,,
55594572,"Bisset, Thomas.",mikko_annotated,,,,
61680535,"Black, Joseph, 1728-1799.",mikko_annotated,yes,16,,
38329385,"Blackburn, Andrew.",mikko_annotated,,,,
76169600,"Blacklock, Thomas, 1721-1791.",wikidata,yes,17,,
148520938,"Blackwell, Alexander, -1747.",wikidata,,,,
3399581,"Blackwell, Thomas, 1701-1757.",wikidata,yes,18,,
51990482,"Blackwood, Adam, 1539-1613.",wikidata,,,,
56464708,"Blackwood, John, approximately 1698-1777.",wikidata,,,,
78684749,"Blair, Alexander, active 1738.",mikko_annotated,,,,
21217442,"Blair, Anna, -1775.",mikko_annotated,,,,
7295601,"Blair, Grizel.",mikko_annotated,,,,
54309971,"Blair, Hugh, 1718-1800.",wikidata,yes,19,,
21996685,"Blair, James, of Ardblair.",mikko_annotated,,,,
286211863,"Blair, Patrick, -1728.",wikidata,,,,
17077939,"Blair, Robert, -1828.",wikidata,,,,
39729766,"Blair, Robert, 1593-1666.",wikidata,,,,
35250279,"Blair, Robert, 1699-1746.",wikidata,,,,
11391140,"Blair, Robt. (Robert), 1741-1811.",wikidata,,,,
103087207,"Blair, Sir J. H.",wikidata,,,,
76717379,"Blair, Thomas, active 1736.",millar_manual,,,,
120694420,"Blane, Gilbert, Sir, 1749-1834.",wikidata,,,,
17337454,"Boece, Hector, 1465?-1536.",wikidata,,,,
14886819,"Bogue, David, 1750-1825.",wikidata,,,,
12161775,"Bonar, John, 1722-1761.",edinburgh_first_manual_added,,,,
284285083,"Boston, Thomas, 1677-1732.",wikidata,,,,
58931655,"Boston, Thomas, 1713-1767.",wikidata,,,,
24594887,"Boswell, Alexander, Sir, 1775-1822.",wikidata,,,,
64002337,"Boswell, James, 1740-1795.",wikidata,yes,20,,
235929427,"Boutcher, William.",edinburgh_first_manual_added,,,,?
50169773,"Bower, Archibald, 1686-1766.",wikidata,,,,
76304323,"Boyd, Robert, 1578-1627.",wikidata,,,,
20025417,"Boyd, Zacharie, 1585?-1653.",wikidata,,,,
100170776,"Boyer, Abel, 1667-1729.",mikko_annotated,,,,
4006695,"Boyle, David, 1772-1853.",wikidata,,,,
52045161,"Boyse, Samuel, 1708-1749.",edinburgh_first_manual_added,,,,no
4995705,"Brackenridge, H. H. (Hugh Henry), 1748-1816.",wikidata,,,,
50668539,"Braddock, Edward, 1695?-1755.",wikidata,,,,
9696749,"Braidwood, William, -1830.",mikko_annotated,,,,
60517466,"Braxfield, Robert Macqueen, Lord, 1722-1799.",wikidata,,,,
239054107,"Breadalbane, John Campbell, Earl of, 1662-1752.",mikko_annotated,,,,
9696875,"Brebner, Lilias.",mikko_annotated,,,,
181753873,"Brisbane, John, -1776?.",millar_manual,,,,
304992028,Britannicus.,millar_manual,,,,
61400184,"Brodie, Alexander, -1754.",wikidata,,,,
66320014,"Brodie, Alexander, -1770.",mikko_annotated,,,,
34302545,"Brodie, James, of Brodie, 1744-1824.",wikidata,,,,
35985864,"Brodie, Joseph.",mikko_annotated,,,,
4793795,"Brodie, William, -1805",mikko_annotated,,,,
61395804,"Brodie, William, 1741-1788.",wikidata,,,,
34592194,"Brougham and Vaux, Henry Brougham, Baron, 1778-1868.",wikidata,,,,
55541698,"Brown, Andrew, 1763-1834.",wikidata,,,,
6361303,"Brown, George, (Merchant)",mikko_annotated,,,,
51542894,"Brown, Gustavus, 1744-",wikidata,,,,
28155168,"Brown, John, 1610?-1679.",mikko_annotated,,,,
50618256,"Brown, John, 1722-1787.",wikidata,,,,
62342596,"Brown, John, 1735-1788.",wikidata,yes,21,,
31849996,"Brown, John, 1752-1787.",wikidata,,,,
12173365,"Brown, John, merchant in Glasgow.",mikko_annotated,,,,
51841475,"Brown, Thomas, 1778-1820.",wikidata,,,,
16300318,"Brown, William, 1748-1792.",wikidata,,,,
19532804,"Bruce, Alexander, M.D.",millar_manual,,,,
249099635,"Bruce, Archibald, 1746-1816.",mikko_annotated,,,,
32094803,"Bruce, James, 1730-1794.",wikidata,yes,22,,
100277021,"Bruce, John, 1745-1826.",sher,yes,23,,
306082496,"Bruce, Lewis.",millar_manual,,,,
45214936,"Bruce, Michael, 1746-1767.",wikidata,,,,
59886448,"Bruce, William, Sir, 1630-1710",wikidata,,,,
100215839,"Brydone, P. (Patrick), 1736-1818.",wikidata,yes,24,,
18059494,"Buccleuch, Anne Scott, Duchess of, 1651-1732.",wikidata,,,,
56170671,"Buccleuch, Henry Scott, Duke of, 1746-1812.",mikko_annotated,,,,
262817315,"Buchan, Alexander, -1730.",mikko_annotated,,,,
52062816,"Buchan, David Stewart Erskine, Earl of, 1742-1829.",sher,yes,39,,
33534300,"Buchan, Henry David Erskine, Earl of, 1710-1767.",mikko_annotated,,,,
58933730,"Buchan, Mary.",mikko_annotated,,,,
90630916,"Buchan, William, 1729-1805.",edinburgh_first_manual_added,yes,25,,
40805218,"Buchanan-Kincaid, John.",mikko_annotated,,,,
246074473,"Buchanan, Dugald, 1716-1768.",wikidata,,,,
9966168,"Buchanan, Francis Hamilton, 1762-1829.",wikidata,,,,
105874857,"Buchanan, George, 1506-1582.",wikidata,,,,
51542962,"Buchanan, George, merchant in Glasgow.",mikko_annotated,,,,
100370645,"Buchanan, James, active 1753-1773.",millar_manual,,,,
31842433,"Buchanan, John, Junior",mikko_annotated,,,,
25790229,"Burges, Mary Anne, 1763-1813.",wikidata,,,,
69834070,"Burgh, James, 1714-1775.",millar_manual,,,,
22151653,"Burnet, Gilbert, 1643-1715.",wikidata,,,,
43371757,"Burnett, John, 1764?-1810.",wikidata,,,,
32012434,"Burns, Robert, 1759-1796.",wikidata,yes,27,,
58045597,"Bushby, John, (Writer)",mikko_annotated,,,,
5724938,"Bute, John Stuart, Earl of, 1713-1792.",wikidata,,,,
48193146,"Caithness, Alexander Sinclair, Earl of, 1685?-1765.",mikko_annotated,,,,
306131838,"Caithness, Margaret Sinclair, Countess of, -1785.",mikko_annotated,,,,
4806076,"Caithness, William Sinclair, Earl of, 1727-1779.",mikko_annotated,,,,
348969,"Calderwood, David, 1575-1650.",wikidata,,,,
49569876,"Callander, John, -1789.",mikko_annotated,,,,
22043964,"Callendar, William.",mikko_annotated,,,,
22132777,"Callender, James Thomson, 1758-1803.",wikidata,,,,
22947255,"Cameron, Donald, 1695?-1748.",wikidata,,,,
47555859,"Cameron, John, 1579?-1625.",wikidata,,,,
40807427,"Cameron, Richard, 1655?-1680.",wikidata,,,,
12161907,"Cameron, William, 1751-1811.",mikko_annotated,,,,
13458806,"Campbell, Alexander, 1764-1824.",mikko_annotated,,,,
49082094,"Campbell, Archibald, -1753.",mikko_annotated,,,,
12390875,"Campbell, Archibald, 1691-1756.",millar_manual,,,,
100903333,"Campbell, Colen, 1676-1729.",wikidata,,,,
16787647,"Campbell, Colin, -1782.",mikko_annotated,,,,
306130820,"Campbell, Colin, of Killenallen.",mikko_annotated,,,,
26919329,"Campbell, Daniel, -1777.",mikko_annotated,,,,
37090599,"Campbell, Donald, 1751-1804.",wikidata,,,,
306131501,"Campbell, Duncan, of Glenure.",mikko_annotated,,,,
35991842,"Campbell, Duncan, Sir, -1765.",mikko_annotated,,,,
39426153,"Campbell, George, 1719-1796.",wikidata,yes,28,,
56488809,"Campbell, George, of Airies.",mikko_annotated,,,,
61423287,"Campbell, Gilbert, active 1761-1762.",mikko_annotated,,,,
35991130,"Campbell, Ilay, Sir, 1734-1823.",wikidata,,,,
NV4682,"Campbell, James, Sir, 1666-1752.",mikko_annotated,,,,
76169946,"Campbell, James, Sir, 1671 or 1672-1754.",mikko_annotated,,,,
51715359,"Campbell, John, 1708-1775.",wikidata,,,,
394144783081778121865,"Campbell, John, 1720?-1790.",wikidata,,,,
NV4696,"Campbell, John, of Cawdor.",mikko_annotated,,,,
29399637,"Campbell, John, of Ottar.",mikko_annotated,,,,
61410865,"Campbell, Robert, of Monzie.",mikko_annotated,,,,
55703321,"Campbell, Ronald.",mikko_annotated,,,,
39510901,"Campbell, Thomas, 1777-1844.",wikidata,,,,
107031944,"Carlyle, Alexander, 1722-1805.",wikidata,,,,
17083256,"Carmichael, John, of Skirling.",mikko_annotated,,,,
51544698,"Carnegie, James, of Finhaven.",mikko_annotated,,,,
78679630,"Carnegie, James, Sir, 1715-1765.",mikko_annotated,,,,
76170139,"Carr, George, 1705-1776.",edinburgh_first_manual_added,,,,
71245181,"Carre, John, of Cavers.",mikko_annotated,,,,
14625110,"Carstairs, James Bruce.",mikko_annotated,,,,
28432591,"Carstares, William, 1649-1715.",wikidata,,,,
7245558,"Cassillis, John Kennedy, Earl of, 1700-1759.",mikko_annotated,,,,
13752543,"Cathcart, Charles Schaw Cathcart, Lord, 1721-1776.",wikidata,,,,
4491277,"Chalmer, Andrew.",mikko_annotated,,,,
17089342,"Chalmers, Alexander, 1720-1798.",mikko_annotated,,,,
13390034,"Chalmers, Alexander, 1759-1834,",wikidata,,,,
32076090,"Chalmers, George, 1742-1825.",wikidata,yes,29,,
41718310,"Chalmers, John, -1800.",mikko_annotated,,,,
57560472,"Chapman, George, 1723-1806.",edinburgh_first_manual_added,,,,
53118468,"Charteris, Francis, 1675-1732.",wikidata,,,,
61399748,"Charteris, Francis, 1723-1808.",mikko_annotated,,,,
58936198,"Charters, Samuel, 1742-1825.",mikko_annotated,,,,
88056977,"Cheyne, George, 1671-1743.",wikidata,,,,
21998016,"Christie, Hugh, 1710-1774.",mikko_annotated,,,,
45730690,"Christie, Mr. (James), 1730-1803.",wikidata,,,,
62990773,"Cleghorn, Robert, 1755-1821.",wikidata,,,,
24137154,"Cleland, William, 1661?-1689.",wikidata,,,,
42624692,"Clerk, John, 1728-1812.",wikidata,,,,
39232542,"Cochran, Thomas.",mikko_annotated,,,,
66458725,"Cochrane, Alexander Forrester Inglis, Sir, 1758-1832.",wikidata,,,,
1435788,"Cockburn, Alexander, Sir, approximately 1720-1745.",mikko_annotated,,,,
5026298,"Cockburn, Henry Cockburn, Lord, 1779-1854.",wikidata,,,,
4787024,"Cockburn, John, approximately 1679-1758.",wikidata,,,,
54004759,"Cockburn, William, 1682-",millar_manual,,,,
9701244,"Cockburn, William, Sir, 1662-1751.",mikko_annotated,,,,
66549616,"Colden, Cadwallader, 1688-1776.",wikidata,,,,
58959190,"Colquhoun, James, Sir, 1714-1786.",mikko_annotated,,,,
10629985,"Colquhoun, Patrick, 1745-1820.",wikidata,,,,
66325230,"Colquhoun, William.",mikko_annotated,,,,
71247156,"Coltart, John, of Areeming.",mikko_annotated,,,,
306072904,"Colvill, Mr. (Robert), -1788.",mikko_annotated,,,,
9701620,"Colvill, Robert, of Ochiltree.",mikko_annotated,,,,
66520651,"Constable, Archibald",wikidata,,,,
47842805,"Cooper, Richard, approximately 1730-1820.",wikidata,,,,
NV7398,"Coulter, James, Merchant of Glasgow.",mikko_annotated,,,,
10186555,"Couper, Robert.",wikidata,,,,
39242950,"Covington, Alexander Lockhart, Lord, 1700-1782.",mikko_annotated,,,,
23230076,"Cowper, William, 1568-1619.",wikidata,,,,
46627483,"Craich, John.",mikko_annotated,,,,
38938189,"Craig, Campbell.",millar_manual,,,,
822636,"Craig, James, -1795.",wikidata,,,,
220095741,"Craig, James, 1669-1731.",edinburgh_first_manual_added,,,,
45236081,"Craig, John, -1731.",wikidata,,,,
26932869,"Craig, John, 1512?-1600.",wikidata,,,,
7256558,"Craig, William, Captain.",mikko_annotated,,,,
58937706,"Craik, Helen.",wikipedia_list,,,,
26922771,"Craik, James, 1730-1814",wikidata,,,,
63864332,"Craik, Jean.",mikko_annotated,,,,
56983313,"Craufurd, David, 1665-1726.",mikko_annotated,,,,
76438862,"Craufurd, Q. (Quintin), 1743-1819.",wikidata,,,,
26921174,"Crawford, George Lindsay-Crawford, Earl of, 1729-1781.",mikko_annotated,,,,
248868630,"Crawford, George Lindsay-Crawford, Earl of, 1758-1808.",mikko_annotated,,,,
75282729,"Crawford, William, 1676-1742.",mikko_annotated,,,,
73711014,"Crawfurd, Margaret.",mikko_annotated,,,,
49278054,"Creech, W.",mikko_annotated,,,,
62332198,"Crichton, Alexander, Sir, 1763-1856.",wikidata,,,,
66541308,"Crombie, Alexander, 1762?-1840?.",wikidata,,,,
63746882,"Crookshank, William, 1712?-1769.",millar_manual,,,,
17237181,"Cruden, Alexander, 1701-1770.",wikidata,,,,
72153215,"Cruickshank, William, 1745-1800.",wikidata,,,,
38332031,"Cullen, Francis Grant, Lord, 1658-1726.",wikidata,,,,
51806836,"Cullen, William, 1710-1790.",wikidata,yes,30,,
14647678,"Cuming, Patrick, 1695-1776.",edinburgh_first_manual_added,,,,
NV7821,"Cuming, Robert, shipmaster in Leith.",mikko_annotated,,,,
45240693,"Cumming, Alexander, 1733-1814.",wikidata,,,,
7240031,"Cumming, George, active 1740-1743.",mikko_annotated,,,,
58045566,"Cuninghame, John, active 1717-1740.",mikko_annotated,,,,
56467568,"Cunningham, Alexander, 1655?-1730.",wikidata,,,,
26965583,"Cunningham, Alexander, active 1765-1766",mikko_annotated,,,,
24507534,"Cunningham, William, manufacturer in Glasgow.",mikko_annotated,,,,
41697057,"Cunnynghame, Alexander, -1780.",mikko_annotated,,,,
61401476,"Cunynghame, David, Sir, 1700-1767.",mikko_annotated,,,,
79210694,"Currie, James, 1756-1805.",wikidata,,,,
61401482,"Currie, John, approximately 1679-1765.",mikko_annotated,,,,
46858430,"Dalgarno, George, 1626?-1687.",wikidata,,,,
41697171,"Dalgliesh, William, 1733-1807.",mikko_annotated,,,,
63093125,"Dalhousie, George Ramsay, Earl of, -1787.",mikko_annotated,,,,
6036691,"Dalhousie, George Ramsay, Earl of, 1770-1838.",wikidata,,,,
14795109,"Dalrymple, Alexander, 1737-1808.",wikidata,,,,
13842081,"Dalrymple, David, 1719-1784.",mikko_annotated,,,,
69729167,"Dalrymple, David, Sir, 1726-1792.",wikidata,yes,31,,
6953888,"Dalrymple, Hew, Sir, 1712-1790.",mikko_annotated,,,,
63864626,"Dalrymple, Hugh, 1690-1755.",mikko_annotated,,,,
21219400,"Dalrymple, James, Major.",mikko_annotated,,,,
22410349,"Dalrymple, John, Sir, 1726-1810.",sher,yes,32,,
44164748,"Dalrymple, John, Sir, approximately 1682-1743.",mikko_annotated,,,,
17080360,"Dalrymple, William, 1723-1814.",wikidata,,,,
12331354,"Dalzel, Andrew, 1742-1806.",wikidata,,,,
57449014,"Dempster, George, 1732-1818.",wikidata,,,,
4919523,"Dempster, Thomas, 1579?-1625.",wikidata,,,,
50076383,"Deuchar, David, 1743-1808.",wikidata,,,,
11279121,"Dewar, James, -1788.",mikko_annotated,,,,
76179920,"Dewar, Robert, glasier in Edinburgh.",mikko_annotated,,,,
86131910,"Dick, Alexander, Sir, 1703-1785.",mikko_annotated,,,,
11215339,"Dick, John, 1764-1833.",mikko_annotated,,,,
50391005,"Dickson, Adam, 1721-1776.",edinburgh_first_manual_added,yes,33,,
3887513,"Dickson, David, 1709-1780.",mikko_annotated,,,,
56951858,"Dickson, James, 1738-1822.",wikidata,,,,
36781442,"Dickson, Mary, 1708 or 1709-1782.",mikko_annotated,,,,
13846605,"Dickson, William, of Kilbucho.",mikko_annotated,,,,
75406394,"Din, John, principal extracter and keeper of the processes.",mikko_annotated,,,,
306132045,"Dingwall, John, writer in Edinburgh.",mikko_annotated,,,,
35332736,"Dinwiddie, Robert, 1693-1770.",wikidata,,,,
49578259,"Dobbs, Arthur, 1689-1765.",wikidata,,,,
13108899,"Dobson, Thomas, 1751-1823,",wikidata,,,,
75336707,"Donaldson, A.",mikko_annotated,,,,
74211104,"Donaldson, J. (John), 1737-1801.",wikidata,,,,
39283444,"Donaldson, James, 1751-1830.",wikidata,,,,
78635530,"Donaldson, William, of Murroch.",mikko_annotated,,,,
237380069,"Douglas of Douglas, Archibald Douglas, Baron, 1748-1827.",mikko_annotated,,,,
72870220,"Douglas, Archibald Douglas, Duke of, 1691-1761.",wikidata,,,,
18650306,"Douglas, Basil William, Lord Daer, 1763-1794.",mikko_annotated,,,,
41866426,"Douglas, Gawin, 1474?-1522.",millar_manual,,,,
62459314,"Douglas, James, 1675-1742.",wikidata,,,,
13847847,"Douglas, Niel, 1750-1823.",mikko_annotated,,,,
100368140,"Douglas, Robert, Sir, 1694-1770.",mikko_annotated,,,,
17265584,"Douglass, William, 1691?-1752.",wikidata,,,,
36969078,"Dow, Alexander, -1779.",sher,yes,34,,
60566740,"Downie, David (Goldsmith)",mikko_annotated,,,,
42287,"Dreghorn, John Maclaurin, Lord, 1734-1796.",mikko_annotated,,,,
84721004,"Drummond, Alexander, -1769.",wikidata,,,,
39748311,"Drummond, Henry.",mikko_annotated,,,,
53155358,"Drummond, James, 1713-1746.",wikidata,,,,
14627305,"Drummond, John, -1776.",mikko_annotated,,,,
22570358,"Drummond, Robert Hay, 1711-1776.",mikko_annotated,,,,
6176613,"Drummond, William, 1585-1649.",wikidata,,,,
103645778,"Drummond, William, 1770?-1828.",wikidata,,,,
54166121,"Dudgeon, William, active 1765.",mikko_annotated,,,,
73720573,"Duff, Archibald, 1721-1788.",mikko_annotated,,,,
63876164,"Duff, Archibald, of Skelmuir.",mikko_annotated,,,,
63085615,"Duff, Arthur, -1805.",mikko_annotated,,,,
60621992,"Duff, George.",mikko_annotated,,,,
58945374,"Duff, John, provost.",mikko_annotated,,,,
26018443,"Duff, Lauchlan.",mikko_annotated,,,,
31001902,"Duff, Robert.",mikko_annotated,,,,
7490130,"Duff, William, 1732-1815.",sher,yes,35,,
9708853,"Duff, William, of Muirtown.",mikko_annotated,,,,
NV8963,"Dumfries, William Dalrymple-Crichton, Earl of, -1768.",mikko_annotated,,,,
4004050,"Dun, David Erskine, Lord, 1670-1758.",mikko_annotated,,,,
54050047,"Dunbar, Archibald, of Newton.",mikko_annotated,,,,
18423528,"Dunbar, James, -1798.",sher,yes,36,,
4024342,"Dunbar, James, Sir, -1782.",mikko_annotated,,,,
61439002,"Dunbar, Joseph, of Grange.",mikko_annotated,,,,
14778799,"Dunbar, William, 1460?-1520?.",wikidata,,,,
58947490,"Dunbar, William, Sir, -1786.",mikko_annotated,,,,
33444890,"Dunbar, William, Sir, approximately 1710-1793.",mikko_annotated,,,,
52566954,"Duncan of Camperdown, Adam Duncan, Viscount, 1731-1804",wikidata,,,,
28518975,"Duncan, Alexander, 1708-1795.",mikko_annotated,,,,
1431060,"Duncan, Andrew, 1744-1828.",sher,yes,37,,
30983906,"Duncan, Andrew, Jun., 1773-1832.",wikidata,,,,
49105833,"Duncan, James, merchant in Perth.",mikko_annotated,,,,
8654261,"Duncan, William, 1717-1760.",wikidata,yes,38,,
246211889,"Dundas of Aske, Thomas Dundas, Baron, 1741-1820.",mikko_annotated,,,,
243115234,"Dundas, David, Sir, 1735-1820.",wikidata,,,,
306132962,"Dundas, George, 1690-1762.",mikko_annotated,,,,
45853068,"Dundas, Robert, Lord Arniston, 1685-1753.",wikidata,,,,
76217644,"Dundas, Thomas, of Fingask.",mikko_annotated,,,,
20463953,"Dundonald, Archibald Cochrane, Earl of, 1749?-1831.",wikidata,,,,
28609430,"Dundonald, Thomas Cochrane, Earl of, 1691-1778.",mikko_annotated,,,,
49084750,"Dundonald, Thomas Cochrane, Earl of, 1702-1737.",mikko_annotated,,,,
71247945,"Dunlop, Alexander, 1684-1747.",millar_manual,,,,
12171055,"Dunlop, Thomas.",mikko_annotated,,,,
234086766,"Dunlop, William, 1692-1720.",millar_manual,,,,
55498810,"Dunmore, John Murray, Earl of, 1732-1809.",wikidata,,,,
65455693,"Dunn, Patrick, Sir, 1642-1713.",wikidata,,,,
120697851,"Duns Scotus, John, 1266-1308,",wikidata,,,,
76217659,"Durie, George.",mikko_annotated,,,,
7379314,"Dury, John, 1596-1680.",wikidata,,,,
28876540,"Dykes, Martha.",mikko_annotated,,,,
65421643,"Dyson, Jeremiah, 1722-1776.",millar_manual,,,,
19544991,"Edmonstone, Archibald, Sir, 1717-1807.",mikko_annotated,,,,
7398821,"Edwards, Jonathan, 1703-1758.",edinburgh_first_manual_added,,,,no
19241642,"Eglinton, Alexander Montgomerie, Earl of, 1723-1769.",mikko_annotated,,,,
4786924,"Eldin, John Clerk, Lord, 1757-1832.",mikko_annotated,,,,
24160162,"Elibank, Patrick Murray, Baron, 1703-1778.",mikko_annotated,,,,
11125150,"Elizabeth, Queen, consort of Frederick I, King of Bohemia, 1596-1662.",wikidata,,,,
21992439,"Elliot, Andrew, 1728-1797.",wikidata,,,,
122112783,"Elliot, Gilbert, Sir, 1722-1777.",wikidata,,,,
41705622,"Elliot, William, tenant in Arkleton.",mikko_annotated,,,,
74082943,"Elmsly, P.",wikidata,,,,
18016434,"Elphinston, James, 1721-1809.",wikidata,,,,
306072847,"Elphinstone, Charles Elphinstone, Lord, 1711-1781.",mikko_annotated,,,,
34327706,"Elphinstone, Clementina Elphinstone, Lady, 1719-1799.",mikko_annotated,,,,
67750325,England and Wales. Sovereign (1625-1649 : Charles I),wikidata,,,,
78639820,"Erroll, James Hay, Earl of, 1726-1778.",wikidata,,,,
78639831,"Erroll, Mary Hay, Countess of, -1758.",mikko_annotated,,,,
68830367,"Erskine, Alexander.",mikko_annotated,,,,
18588303,"Erskine, Andrew, 1739-1793.",mikko_annotated,,,,
57002754,"Erskine, Ebenezer, 1680-1754.",mikko_annotated,,,,
235152625,"Erskine, Henry, 1746-1817.",mikko_annotated,,,,
13841571,"Erskine, James Francis, 1743-1806.",mikko_annotated,,,,
18624351,"Erskine, John, 1662-1743.",wikidata,,,,
27137458,"Erskine, John, 1695-1768.",mikko_annotated,,,,
15608191,"Erskine, John, 1721-1803.",wikidata,,,,
61942415,"Erskine, Ralph, 1685-1752.",edinburgh_first_manual_added,,,,
6363145,"Erskine, Robert, 1735-1780.",wikidata,,,,
59154307,"Erskine, Thomas Erskine, Baron, 1750-1823.",wikidata,,,,
17623962,"Ewart, John, merchant in Dumfries.",mikko_annotated,,,,
95074328,"Ewing, Alexander, -1804.",edinburgh_first_manual_added,,,,
60621985,"Ewing, Greville, 1767-1841.",mikko_annotated,,,,
72821555,"Fairholm, Adam.",mikko_annotated,,,,
42132675,"Falconer, William, 1732-1769.",wikidata,,,,
61545511,"Farquhar, George, 1677?-1707.",mikko_annotated,,,,no
238874286,"Farquhar, John, 1732-1768.",edinburgh_first_manual_added,,,,
43387362,"Farquharson, Francis.",mikko_annotated,,,,
36823675,"Farquharson, Robert, in Dunkinty.",mikko_annotated,,,,
49128976,"Farquharson, Robert.",mikko_annotated,,,,
49279367,"Ferguson, Adam, 1723-1816.",wikidata,yes,40,,
2325415,"Ferguson, Hugh, clergyman.",millar_manual,,,,
27271796,"Ferguson, James, 1710-1776.",wikidata,yes,41,,
31084797,"Ferguson, John, Capt.",mikko_annotated,,,,
4788056,"Ferguson, Niel, 1748-1803.",mikko_annotated,,,,
11257560,"Ferguson, Robert, -1714.",wikidata,,,,
71240383,"Ferguson, Walter, (Writer)",mikko_annotated,,,,
34335187,"Fergusson, James, 1713-1771.",mikko_annotated,,,,
32790622,"Fergusson, Robert, 1750-1774.",wikidata,yes,42,,
72173157,"Ferriar, John, 1761-1815.",wikidata,,,,
78628037,"Ferrier, James, 1744-1829.",mikko_annotated,,,,
306071591,"Fife, Dorothea Sinclair Duff, Countess of, 1739-1818.",mikko_annotated,,,,
58021355,"Fife, James Duff, Earl of, 1729-1809.",mikko_annotated,,,,
242217788,"Fife, William Duff, Earl, 1697-1763.",mikko_annotated,,,,
29391128,"Findlater, James Ogilvy, Earl of, approximately 1689-1764.",mikko_annotated,,,,
80760506,"Flemyng, Malcolm, -1764.",millar_manual,,,,
74007847,"Fletcher, Andrew, 1655-1716.",wikidata,,,,
12153498,"Fletcher, Henry, -1803.",mikko_annotated,,,,
13839139,"Flockhart, John.",mikko_annotated,,,,
38441585,"Forbes of Pitsligo, Alexander Forbes, Lord, 1678-1762.",mikko_annotated,,,,
21673144,"Forbes, Anne.",wikidata,,,,
36766956,"Forbes, Arthur, Sir, 1709-1773.",mikko_annotated,,,,
239124381,"Forbes, Charles, of Auchernach.",mikko_annotated,,,,
1536566,"Forbes, Dorothea Forbes, Lady, approximately 1700-1777.",mikko_annotated,,,,
65094531,"Forbes, Duncan, 1644?-1704.",wikidata,,,,
35543312,"Forbes, Duncan, 1685-1747.",mikko_annotated,,,,
63857208,"Forbes, James Forbes, Lord, 1689-1761.",mikko_annotated,,,,
102322785,"Forbes, John",wikidata,,,,
11281841,"Forbes, John, -1675,",wikidata,,,,
60801816,"Forbes, John, 1707-1759",wikidata,,,,
18750335,"Forbes, John, of Culloden.",mikko_annotated,,,,
90632946,"Forbes, P. (Patrick).",wikidata,,,,
66809457,"Forbes, Patrick, 1564-1635.",wikidata,,,,
100185760,"Forbes, Robert, 1708-1775.",mikko_annotated,,,,
59159445,"Fordyce, David, 1711-1751.",wikidata,yes,43,,
102905536,"Fordyce, George, 1736-1802.",wikidata,yes,44,,
957491,"Fordyce, James, 1720-1796.",wikidata,yes,45,,
9694910,"Fordyce, John (Banker)",mikko_annotated,,,,
29397563,"Fordyce, William, of Auchorties.",mikko_annotated,,,,
22510525,"Fordyce, William, Sir, 1724-1792.",wikidata,,,,
36763035,"Forrest, John, merchant in Edinburgh.",mikko_annotated,,,,
3894181,"Forrester, James, -1765.",edinburgh_first_manual_added,,,,?
59265538,"Forsyth, William, 1737-1804.",wikidata,,,,
17265675,"Fountainhall, John Lauder, Lord, 1646-1722.",wikidata,,,,
6459572,"Fraser, A. (Archibald), 1736-1815.",mikko_annotated,,,,
24502323,"Fraser, Alexander, 1729-1762.",mikko_annotated,,,,
72450947,"Fraser, Alexander, 1749-1802.",mikko_annotated,,,,
26929795,"Fraser, Alexander, of Culduthill.",mikko_annotated,,,,
24470972,"Fraser, Duncan, merchant in Inverness.",mikko_annotated,,,,
78680680,"Fraser, Euphame.",mikko_annotated,,,,
38336355,"Fraser, Hugh, 1703-1770.",mikko_annotated,,,,
70099850,"Fraser, James, 1639-1699.",mikko_annotated,,,,
117448526,"Fraser, James, 1713-1754.",millar_manual,,,,
74632779,"Fraser, John, 1750-1811.",wikidata,,,,
58947517,"Fraser, Paul, 1731-1827.",mikko_annotated,,,,
63533,"Freebairn, Robert, -1747.",mikko_annotated,,,,
39225533,"Fullerton, Robert, -1757.",mikko_annotated,,,,
142645325,"Fyfe, Andrew, 1754-1824.",mikko_annotated,,,,
4004937,"Gairdner, Andrew.",mikko_annotated,,,,
58928558,"Gairdner, Ebenezer.",mikko_annotated,,,,
18611457,"Galbraith, John.",mikko_annotated,,,,
40801102,"Galloway, Alexander Stewart, Earl of, approximately 1694-1773.",mikko_annotated,,,,
21035897,"Galloway, George, 1755-",mikko_annotated,,,,
68801394,"Galloway, James Stewart, Earl of, -1746.",wikidata,,,,
2318147,"Garden, Alexander, 1714-1785.",mikko_annotated,,,,
57989699,"Gardenstone, Francis Garden, Lord, 1721-1793.",mikko_annotated,,,,
18754690,"Gartshore, George, 1687-1760.",mikko_annotated,,,,
35997106,"Gascoigne, Charles.",wikidata,,,,
43078665,"Gauld, George.",wikidata,,,,
45639633,"Ged, William, 1690-1749.",wikidata,,,,
72146311,"Geddes, Alexander, 1737-1802.",wikipedia_list,,,,
66318167,"Geddes, John, 1735-1799.",wikidata,,,,
103647260,"Gerard, Alexander, 1728-1795.",wikidata,yes,46,,
62966698,"Gib, Adam, 1714-1788.",mikko_annotated,,,,
102377186,"Gibbs, James, 1682-1754.",wikidata,,,,
155217393,"Gibson and Balfour (Edinburgh, Scotland)",mikko_annotated,,,,
20903599,"Gibson, W. (William), 1680?-1750.",millar_manual,,,,
NV12814,Gibson.,millar_manual,,,,
39720780,"Gilchrist, Ebenezer, 1707-1774.",millar_manual,,,,
76306129,"Gilchrist, John, 1759-1841.",wikidata,,,,
203402485,"Gildas, 516?-570?.",wikidata,,,,
23201945,"Gillespie, George, 1613-1648.",wikidata,,,,
299421015,"Gillies, Colin.",mikko_annotated,,,,
29583533,"Gillies, John, 1747-1836.",wikidata,yes,47,,
50645288,"Glas, John, 1695-1773.",wikidata,,,,
47163473,"Gleig, George, 1753-1840.",wikidata,,,,
74663543,"Glen, James, 1701-1777.",wikidata,,,,
70371400,"Glencairn, William Cunningham, Earl of, -1775.",mikko_annotated,,,,
36775152,"Glenie, James, 1750-1817.",wikidata,,,,
51544596,"Glenorchy, Willielma Campbell, Viscountess, 1741-1786,",wikidata,,,,
38356893,"Goldie, Alexander, -1782.",mikko_annotated,,,,
22006168,"Goldie, George.",mikko_annotated,,,,
44155614,"Goldie, John, 1717-1809.",wikidata,,,,
NV13158,"Goldie, John, of Craigmuie.",mikko_annotated,,,,
46619444,"Gordon, Alexander Gordon, Duke of, 1743-1827.",wikidata,,,,
49129132,"Gordon, Alexander Penrose Cumming, Sir, 1749-1806.",mikko_annotated,,,,
78649252,"Gordon, Alexander, -1783.",mikko_annotated,,,,
61536758,"Gordon, Alexander, 1692?-1754?.",wikidata,,,,
18765481,"Gordon, Alexander, Sir.",mikko_annotated,,,,
20588049,"Gordon, Andreas, 1712-1750 or 1751.",wikidata,,,,
51547535,"Gordon, Charles Hamilton, -1761.",mikko_annotated,,,,
58938595,"Gordon, Cosmo George Gordon, Duke of, approximately 1721-1752.",mikko_annotated,,,,
306132979,"Gordon, James, of Cocklarachy.",mikko_annotated,,,,
222460789,"Gordon, John, 1644-1726,",wikidata,,,,
70948904,"Gordon, John, of Avachy.",mikko_annotated,,,,
23545186,"Gordon, John, Sir, -1783.",mikko_annotated,,,,
66339777,"Gordon, Robert Home.",mikko_annotated,,,,
4788746,"Gordon, Robert, Sir, 1696-1772.",mikko_annotated,,,,
282262653,"Gordon, Thomas, -1750.",millar_manual,,,,
2326141,"Gordon, Thomas, Sir, 1685-1769.",mikko_annotated,,,,
56468209,"Gordon, W. (William), -approximately 1794.",mikko_annotated,,,,
9722628,"Gordon, William, 1736-1816.",mikko_annotated,,,,
19667895,"Gordon, William, active 1763-1809.",mikko_annotated,,,,
NV13316,"Gordon, William, active 18th century.",edinburgh_first_manual_added,,,,
58941281,"Govan, Alexander, merchant in Glasgow.",mikko_annotated,,,,
14636231,"Govan, William.",mikko_annotated,,,,
76173472,"Gowdie, John, 1707-1777.",mikko_annotated,,,,
24185197,"Gowrie, John Ruthven, Earl of 1578?-1600.",wikidata,,,,
21124987,"Graeme, James, 1749-1772.",wikidata,,,,
13731719,"Graham, James, 1745-1794.",wikidata,,,,
6481725,"Graham, John, merchant in Leith.",mikko_annotated,,,,
134628875,"Graham, John, Viscount Dundee, 1648-1689.",wikidata,,,,
7248616,"Graham, William, approximately 1715-1783.",mikko_annotated,,,,
71433779,"Grahame, James, 1765-1811.",wikipedia_list,,,,
20555951,"Grainger, James, 1721?-1766.",wikidata,,,,
53130832,"Grant, Alexander, Sir, -1772.",mikko_annotated,,,,
67406506,"Grant, Charles, 1746-1823.",wikidata,,,,
51547877,"Grant, Francis, -1781.",mikko_annotated,,,,
267573071,"Grant, Francis, (Writer on fisheries)",millar_manual,,,,
20484507,"Grant, James, 1720-1806.",wikidata,,,,
305130250,"Grant, James, 1743-1835.",sher,yes,48,,
7248637,"Grant, James, Sir, 1738-1811.",wikidata,,,,
44200471,"Grant, John, of Rothmaise.",mikko_annotated,,,,
39248882,"Grant, Ludovic, Sir, -1790.",mikko_annotated,,,,
NV13486,"Grant, Ludovick, Sir, 1707-1773.",mikko_annotated,,,,
306126754,"Grant, Peter Leslie.",mikko_annotated,,,,
13767730,"Grant, William (Advocate of Edinburgh)",mikko_annotated,,,,
14625272,"Gray, Andrew, -1779.",mikko_annotated,,,,
56465487,"Gray, John Gray, Lord, 1716-1782.",mikko_annotated,,,,
35882294,"Gray, Margaret Blair, Lady, 1720-1790.",mikko_annotated,,,,
49082561,"Gray, Robert, procurator-fiscal.",mikko_annotated,,,,
17125115,"Gregory, David, 1627-1720.",wikidata,,,,
6014298,"Gregory, David, 1659-1708.",wikidata,,,,
39475242,"Gregory, James, 1638-1675.",wikidata,,,,
100168650,"Gregory, James, 1753-1821.",wikidata,yes,49,,
14799615,"Gregory, John, 1724-1773.",edinburgh_first_manual_added,yes,50,,
NV14140,"Greig, George, depute sheriff-clerk of Cromarty.",mikko_annotated,,,,
72798292,"Grierson, George",wikidata,,,,
2027428,"Grieve, John, from Borrowstounness.",mikko_annotated,,,,
36775609,"Grosett, James.",mikko_annotated,,,,
31854802,"Grosett, Walter, -1760.",mikko_annotated,,,,
100194070,"Guthrie, William, 1708-1770.",sher,yes,51,,
2817698,"Guthry, Henry, approximately 1600-1676.",wikidata,,,,
9406685,"Haddington, Thomas Hamilton, Earl of, 1721-1794.",mikko_annotated,,,,
36777564,"Hadow, Ja. (James), approximately 1670-1747.",mikko_annotated,,,,
6410814,"Haldane, J. A. (James Alexander), 1768-1851.",wikidata,,,,
45721450,"Haldane, Patrick, 1683-1769.",mikko_annotated,,,,
NV14437,"Haliburton, Thomas, 1668 or 1669-1753.",mikko_annotated,,,,
66329551,"Halkerston, Helenus.",mikko_annotated,,,,
7292500,"Halket, Charles, merchant in Aberdeen.",mikko_annotated,,,,
29399946,"Halket, Peter, Sir, -1792.",mikko_annotated,,,,
68790507,"Hall, Archibald, 1736-1778.",mikko_annotated,,,,
75310270,"Hall, D.",wikidata,,,,
90632778,"Hall, James, Sir, 1761-1832.",wikidata,,,,
63868518,"Hall, William, 1675-1748.",mikko_annotated,,,,
14671766,"Halyburton, James, -1765.",wikidata,,,,
256040317,"Halyburton, Thomas, 1674-1712.",mikko_annotated,,,,
306131498,"Hamilton-Makgill, Thomas, -1779.",mikko_annotated,,,,
34333547,"Hamilton, Agnes.",mikko_annotated,,,,
97883474,"Hamilton, Alexander, -1732?.",edinburgh_first_manual_added,,,,
20473876,"Hamilton, Alexander, 1739-1802.",sher,yes,52,,
58940602,"Hamilton, Andrew, approximately 1676-1741.",wikidata,,,,
58941867,"Hamilton, Douglas Hamilton, Duke of, 1756-1799.",wikidata,,,,
54222268,"Hamilton, Elizabeth (1756?– 1816)",sher,yes,53,"Hamilton, Elizabeth (1756?– 1816)",
61405381,"Hamilton, Euphame.",mikko_annotated,,,,
29379484,"Hamilton, Hugh, merchant in Edinburgh.",mikko_annotated,,,,
74705965,"Hamilton, James Douglas, Duke of, 1658-1712.",wikidata,,,,
249100011,"Hamilton, James George Hamilton, Duke of, 1755-1769.",wikidata,,,,
60023742,"Hamilton, James Hamilton, Duke of, 1606-1649.",wikidata,,,,
78639221,"Hamilton, James Hamilton, Duke of, 1703-1743.",mikko_annotated,,,,
22002652,"Hamilton, James Hamilton, Duke of, 1724-1758.",mikko_annotated,,,,
47821811,"Hamilton, James, 1767-1839.",mikko_annotated,,,,
41701044,"Hamilton, John, -1747.",millar_manual,,,,
31857017,"Hamilton, John, 1715-1796.",mikko_annotated,,,,
NV14549,"Hamilton, Margaret, active 1744-1757.",mikko_annotated,,,,
49088493,"Hamilton, Patrick, 1504?-1528.",wikidata,,,,
61399473,"Hamilton, Robert, 1698-1773.",mikko_annotated,,,,
12645905,"Hamilton, Robert, 1743-1829.",mikko_annotated,,,,
72803144,"Hamilton, William Hamilton, Duke of, 1616-1651.",wikidata,,,,
69362348,"Hamilton, William, 1704-1754.",wikidata,,,,
65121990,"Hardie, James, 1758-1826.",wikidata,,,,
63166823,"Hardy, Thomas, 1748-1798.",wikipedia_list,,,,
31084587,"Hardy, Thomas, 1752-1832.",wikidata,,,,
306131172,"Hathorn, John, of Overairies.",mikko_annotated,,,,
76182078,"Hay-Makdougall, George, Sir, -1777",mikko_annotated,,,,
77781043,"Hay, George, 1729-1811.",wikidata,,,,
34311699,"Hay, John, 1698-1758.",mikko_annotated,,,,
36772449,"Hay, John, 1700-1780.",mikko_annotated,,,,
27495881,"Henderson, Alexander, 1583?-1646.",wikidata,,,,
55519819,"Henderson, Andrew, active 1734-1775.",millar_manual,,,,
62930936,"Henry Frederick, Prince of Wales, 1594-1612.",wikidata,,,,
7726958,"Henry, Robert, 1718-1790.",wikidata,yes,54,,
245109778,"Hepburn, George Buchan, Sir, 1739-1819.",mikko_annotated,,,,
78649321,"Hepburn, John, active 1736-1739.",mikko_annotated,,,,
29394956,"Hepburn, Patrick, active 1737-1748.",mikko_annotated,,,,
24461146,"Hepburn, Robert, -1798.",mikko_annotated,,,,
18070364,"Heriot, George, 1759-1839.",wikidata,,,,
39474241,"Heron, Robert, 1764-1807.",wikidata,yes,55,,
NV15201,"Herriot, Robert.",mikko_annotated,,,,
56178229,"Hill, George, 1750-1819.",mikko_annotated,,,,
19534653,"Hill, James, 1676-1743.",mikko_annotated,,,,
11267505,"Hog, James, 1658?-1734.",mikko_annotated,,,,
67893911,"Hog, James.",mikko_annotated,,,,
31864384,"Hog, Rebecca.",mikko_annotated,,,,
310508831,"Hog, Thomas, 1742-1827.",mikko_annotated,,,,
26929299,"Hog, William, active 18th century.",mikko_annotated,,,,
14635638,"Hog, William, junior merchant.",mikko_annotated,,,,
306131288,"Home, Alexander Home, Earl of, approximately 1715-1786.",mikko_annotated,,,,
57534707,"Home, Francis, 1719-1813.",edinburgh_first_manual_added,yes,56,,
12173570,"Home, George, -1820",mikko_annotated,,,,
23676160,"Home, George, Sir, -1803.",mikko_annotated,,,,
49234619,"Home, John, 1722-1808.",edinburgh_first_manual_added,yes,58,,
68795813,"Home, John, Sir, 1679-1756.",mikko_annotated,,,,
249100082,"Home, William Home, Earl of, approximately 1710-1761.",mikko_annotated,,,,
56476932,"Honyman, William, Sir, 1756-1825.",wikidata,,,,
306131295,"Hope, Archibald, Sir, 1735-1794.",mikko_annotated,,,,
69710126,"Hope, John, 1725-1786.",wikidata,,,,
9836810,"Hope, Thomas Charles, 1766-1844.",wikidata,,,,
78646010,"Hopetoun, Henrietta Hope, Countess of, 1682-1750.",mikko_annotated,,,,
NV15713,"Hopetoun, John Hope, Earl of, 1704-1781.",mikko_annotated,,,,
248204845,"Houston, Eleanora, Lady, 1720-1769.",mikko_annotated,,,,
66335960,"Houston, John, Sir, -1751.",mikko_annotated,,,,
54019842,"Houston, Margaret, Lady, 1683-1757.",mikko_annotated,,,,
35393071,"Houstoun, William, 1703-1733.",wikidata,,,,
229707183,"Howe, Charles, 1661-1742.",edinburgh_first_manual_added,,,,no
66369838,"Howie, Alexander.",mikko_annotated,,,,
305051755,"Howie, David.",mikko_annotated,,,,
10983890,"Howie, John, 1735-1793.",wikidata,,,,
234135255,"Hume-Campbell, Alexander, 1708-1760.",mikko_annotated,,,,
19856015,"Hume, David, 1560?-1630?.",wikidata,,,,
49226972,"Hume, David, 1711-1776.",edinburgh_first_manual_added,yes,59,,
16787566,"Hume, John, 1703-1782.",millar_manual,,,,
62329475,"Hunter, A. (Alexander), 1729-1809.",wikidata,,,,
63872733,"Hunter, Andrew, 1743-1809.",mikko_annotated,,,,
38437429,"Hunter, George.",mikko_annotated,,,,
39241122,"Hunter, James, of Inchture.",mikko_annotated,,,,
NV_BH_X03208179X,"Hunter, Jean.",mikko_annotated,,,,
101579769,"Hunter, John, -1809.",wikidata,,,,
100368494,"Hunter, John, 1728-1793.",wikidata,yes,60,,
68797006,"Hunter, John, minister at Gateschaw.",mikko_annotated,,,,
70290445,"Hunter, Robert, 1666-1734.",wikidata,,,,
4808096,"Hunter, Robertus.",mikko_annotated,,,,
41937557,"Hunter, William, 1718-1783.",wikidata,yes,61,,
21050292,"Hunter, William, 1755-1812.",wikidata,,,,
51735420,"Hutcheson, Francis (1694–1746)",sher,yes,62,"Hutcheson, Francis (1694–1746)",
71255677,"Hutchison, Patrick, 1740?-1802.",mikko_annotated,,,,
2479262,"Hutton, James, 1726-1797.",mikko_annotated,yes,63,,
24477970,"Hyndford, John Carmichael, Earl of, 1710-1787.",mikko_annotated,,,,
44163545,"Inglis, Henry David, 1757-1806.",mikko_annotated,,,,
76218262,"Innes, George, of Dunkinty.",mikko_annotated,,,,
59481553,"Innes, John, 1739-1777.",edinburgh_first_manual_added,,,,
69998585,"Innes, Thomas, 1662-1744.",wikidata,,,,
292944505,"Irvine, Alexander, 1754-1844.",mikko_annotated,,,,
18525049,"Irvine, William, 1776-1811.",wikidata,,,,
50010933,"Irving, David, 1778-1860.",wikidata,,,,
38336863,"J. I. (John Inglis), 1708-1775.",wikidata,,,,
33050238,"Jacchaeus, Gilbertus, 1585-1628.",wikidata,,,,
42633867,"James IV, King of Scotland, 1473-1513.",wikidata,,,,
268774695,"James V, King of Scotland, 1512-1542.",wikidata,,,,
88905668,"James VI, King of Scotland, 1566-1625.",wikidata,,,,
19895365,"Jameson, Robert, 1774-1854.",mikko_annotated,,,,
2815086,"Jamieson, Alexander.",wikipedia_list,,,,
235081592,"Jamieson, Andrew, merchant in Edinburgh.",mikko_annotated,,,,
68807918,"Jamieson, Elisabeth.",mikko_annotated,,,,
73905587,"Jamieson, John, 1759-1838.",wikidata,,,,
78642860,"Jamieson, John, Bailie.",mikko_annotated,,,,
46607545,"Jamison, David, 1660-1739.",wikidata,,,,
29401133,"Jardine, William, Sir, -1807.",mikko_annotated,,,,
46627598,"Jeffray, James, 1759-1848.",mikko_annotated,,,,
52485486,"Jeffrey, Francis Jeffrey, Lord, 1773-1850.",wikidata,,,,
38571469,"Johnson, James, approximately 1750-1811.",wikidata,,,,
70111845,"Johnston, David, 1734-1824.",mikko_annotated,,,,
96858667,"Johnston, Gabriel, 1699-1752,",wikidata,,,,
100903899,"Johnston, John, 1570?-1611.",wikidata,,,,
4796568,"Johnston, Samuel, 1733-1816",wikidata,,,,
27097278,"Johnstone, George, 1730-1787.",wikidata,,,,
24679615,"Jones, John Paul, 1747-1792.",wikidata,,,,
78651125,"Justice, James, 1698-1763.",mikko_annotated,,,,
7476790,"Kames, Henry Home, Lord, 1696-1782.",wikidata,yes,57,,
9926861,"Keill, John, 1671-1721.",wikidata,,,,
26928974,"Keir, James, 1735-1820.",wikidata,,,,
35934657,"Keith, George Skene, 1752-1823.",mikko_annotated,,,,
47659974,"Keith, James Francis Edward, 1696-1758.",wikidata,,,,
60239773,"Keith, Robert, 1681-1757.",wikidata,,,,
49269127,"Keith, William, Sir, 1680-1749.",wikidata,,,,
42784388,"Kelly, Isabella.",wikipedia_list,,,,
26966532,"Ker, Andrew, in Nether-Chatto.",mikko_annotated,,,,
29399093,"Ker, Anna.",mikko_annotated,,,,
24468135,"Ker, Henrietta Ann, -1794.",mikko_annotated,,,,
5083666,"Ker, John, 1673-1726.",mikko_annotated,,,,
78646412,"Ker, Margaret.",mikko_annotated,,,,
39240479,"Ker, William, M.A.",mikko_annotated,,,,
61898118,"Kerr, Robert, 1755-1813,",wikidata,,,,
20477322,"Kidd, William, -1701",wikidata,,,,
39241855,"Kincaid, Alexander, 1710 or 1711-1777.",mikko_annotated,,,,
43858314,"Kincaid, Alexander.",mikko_annotated,,,,
68797892,"Kinloch, David, Sir, approximately 1710-1795",mikko_annotated,,,,
19581387,"Kinnell, Robert.",mikko_annotated,,,,
NV17869,"Kinnoull, George Hay, Earl of, 1689-1758.",mikko_annotated,,,,
71474906,"Kirk, Robert, 1641?-1692.",wikidata,,,,
22482115,"Kirkpatrick, J. (James), approximately 1696-1770.",millar_manual,,,,
70334516,"Kirkpatrick, James.",mikko_annotated,,,,
91970483,"Kirkwood, James, 1650?-1708.",wikidata,,,,
100199622,"Knox, John, 1505-1572.",wikidata,,,,
49277866,"Knox, John, 1720-1790.",sher,yes,64,,
35976631,"Laing, David.",mikko_annotated,,,,
47103807,"Laing, Malcolm, 1762-1818.",wikidata,yes,65,,
306131515,"Landale, David, surgeon in Leven.",mikko_annotated,,,,
236933931,"Lauder, Andrew, Sir, 1702-1769.",wikidata,,,,
58035147,"Lauderdale, Charles Maitland, Earl of, -1691.",wikidata,,,,
21708252,"Lauderdale, James Maitland, Earl of, 1718-1789.",mikko_annotated,,,,
74192558,"Lauderdale, James Maitland, Earl of, 1759-1839.",wikidata,,,,
89752029,"Lauderdale, John Maitland, Duke of, 1616-1682.",wikidata,,,,
2333461,"Lauderdale, John.",mikko_annotated,,,,
40765427,"Laurie, Gilbert.",mikko_annotated,,,,
14836706,"Law, John, 1671-1729.",wikidata,,,,
88058589,"Lee, James, 1715-1795.",wikidata,,,,
74003470,"Leechman, William, 1706-1785.",wikidata,yes,66,,
22010611,"Leeds, Francis Godolphin Osborne, Duke of, 1751-1799.",wikidata,,,,
120201643,"Leighton, Alexander, 1568-1649.",wikidata,,,,
64283738,"Leighton, Robert, 1611-1684.",mikko_annotated,,,,
28416489,"Leiper, Thomas, 1745-1825.",wikidata,,,,
26024228,"Lennox, James Stuart, Duke of, 1612-1655.",wikidata,,,,
36777367,"Leslie, Antonius Leslie, Count.",mikko_annotated,,,,
17095410,"Leslie, Charles Cajetan, Graf von.",mikko_annotated,,,,
14642170,"Leslie, Charles, active 1738-1743.",mikko_annotated,,,,
49280284,"Leslie, John, 1527-1596.",wikidata,,,,
22008772,"Leslie, John, 1751-1828.",mikko_annotated,,,,
70347937,"Leven, Alexander Leslie, Earl of, 1580?-1661.",wikidata,,,,
54362232,"Leyden, John, 1775-1811.",wikidata,,,,
42620972,"Liddel, Duncan, 1561-1613.",wikidata,,,,
52473197,"Lind, James, 1716-1794.",edinburgh_first_manual_added,,,,
50384484,"Lind, James, 1736-1812.",wikidata,yes,67,,
13388940,"Lindsay, David, -1641?.",wikidata,,,,
46764133,"Lindsay, David, Sir, active 1490-1555.",wikidata,,,,
66029486,"Lindsay, Patrick, 1686-1753.",edinburgh_first_manual_added,,,,
10948476,"Lindsay, Robert, 1500?-1565?.",millar_manual,,,,
23020715,"Liston, Robert, 1742-1836.",wikidata,,,,
69059146,"Lithgow, William, 1582-1645?.",wikidata,,,,
55429806,"Livingston, Robert, 1654-1728.",wikidata,,,,
31868745,"Livingstone, John, 1603-1672.",wikidata,,,,
261143469,"Loch, David, -1780.",sher,yes,68,,
33646160,"Lockhart, George, 1700-1764.",mikko_annotated,,,,
58953269,"Lockhart, James, Sir, -1755.",mikko_annotated,,,,
50682644,"Lockhart, John, of Lee.",mikko_annotated,,,,
4789337,"Logan, Allan, -1733.",mikko_annotated,,,,
75322182,"Logan, George, 1678-1755.",mikko_annotated,,,,
90717980,"Logan, John, 1748-1788.",sher,yes,69,,
4848173,"Lothian, Robert Kerr, Earl of, 1636-1703.",wikidata,,,,
71263264,"Lothian, William Kerr, Marquess of, approximately 1690-1767.",mikko_annotated,,,,
235986630,"Lothian, William, 1740-1783.",sher,yes,70,,
2331192,"Loudoun, John Campbell, Earl of, 1705-1782.",wikidata,,,,
54920689,"Lovat, Simon Fraser, Lord, 1667 or 1668-1747.",mikko_annotated,,,,
31868830,"Love, John, 1695-1750.",mikko_annotated,,,,
18775534,"Love, John, 1757-1825.",wikidata,,,,
29439879,"Lundie, Margaret.",mikko_annotated,,,,
278475667,"Lyle, David, active 1762.",millar_manual,,,,
21136529,"Lymburner, Adam, 1746-1836.",wikidata,,,,
52128577,"Lynedoch, Thomas Graham, Baron, 1748-1843.",wikidata,,,,
18823512,"M'Crie, Thomas, 1772-1835.",wikidata,,,,
75308803,"M'Culloch, John",wikidata,,,,
18278771,"M'Farlan, John.",mikko_annotated,,,,
25798951,"Macalpine, John, -1557.",wikidata,,,,
19551707,"Macaulay, Aulay, active 1747.",millar_manual,,,,
26936845,"MacCulloch, Edward.",mikko_annotated,,,,
306131616,"MacCulloch, Janet.",mikko_annotated,,,,
NV19816,"Macdonald, Alexander, approximately 1700-approximately 1780.",mikko_annotated,,,,
61103485,"Macdonald, Archibald, Sir, 1747-1826.",wikidata,,,,
29406471,"Macdonald, John, -1768.",mikko_annotated,,,,
64437404,"Macfait, Ebenezer, -1786.",millar_manual,,,,
9717594,"Macfarlane, George.",mikko_annotated,,,,
18774514,"MacFarlane, John, -1771.",mikko_annotated,,,,
75375479,"MacGillivray, William.",mikko_annotated,,,,
264467219,"Macgregor, James, -1754.",mikko_annotated,,,,
239124685,"Macharg, Isabel.",mikko_annotated,,,,
238476720,"Macharg, Quintin.",mikko_annotated,,,,
61581624,"MacIntyre, Duncan Ban, 1724-1812.",wikipedia_list,,,,
54927883,"MacKay, Andrew, 1758-1809.",wikidata,,,,
305127264,"Mackay, Hugh, 1640?-1692.",wikidata,,,,
26936930,"Mackenzie, Alexander, -1737.",mikko_annotated,,,,
39249260,"Mackenzie, Alexander, 1735-1805.",mikko_annotated,,,,
34329276,"Mackenzie, Alexander, of Fraserdale.",mikko_annotated,,,,
44201455,"Mackenzie, Alexander, tide-waiter at Strontian.",mikko_annotated,,,,
66318568,"Mackenzie, George, 1740 or 1741-1787.",wikidata,,,,
62606175,"Mackenzie, George, Sir, 1636-1691.",wikidata,,,,
12354244,"Mackenzie, Henry, 1745-1831.",wikidata,yes,71,,
188348988,"Mackenzie, James, (Writer)",mikko_annotated,,,,
20795830,"Mackenzie, James, 1680?-1761.",edinburgh_first_manual_added,,,,
41712875,"Mackenzie, John, -1778",mikko_annotated,,,,
2340996,"Mackenzie, John, 1743-1836.",mikko_annotated,,,,
12179724,"Mackenzie, Kenneth, 1699-1756.",mikko_annotated,,,,
1563956,"Mackenzie, William, 1735-1774.",mikko_annotated,,,,
32381321,"Mackie, William.",mikko_annotated,,,,
41908427,"Mackintosh, James, Sir, 1765-1832.",wikidata,yes,72,,
45729499,"Mackintosh, Robert.",mikko_annotated,,,,
76218902,"Mackintosh, William, of Balnespick.",mikko_annotated,,,,
304391045,"Macklin, Charles, approximately 1697-1797.",mikko_annotated,,,,
15170032,"Macknight, James, 1721-1800.",millar_manual,,,,
61658346,"MacLaurin, Colin, 1698-1746.",mikko_annotated,yes,73,,
45676146,"Maclaurin, John, 1693-1754.",mikko_annotated,,,,
44165246,"Maclean, Allan, 1725-1784.",mikko_annotated,,,,
46628922,"Maclean, Allan, of Drimnin.",mikko_annotated,,,,
31843734,"Maclean, John, 1771-1814.",wikidata,,,,
306131304,"Maclean, John, of Lochbuie.",mikko_annotated,,,,
305049859,"Maclean, Mary.",mikko_annotated,,,,
44165233,"Macleod, Florence.",mikko_annotated,,,,
75297575,"MacLeod, John, Captain.",mikko_annotated,,,,
49094454,"Macleod, Norman, 1706-1772.",mikko_annotated,,,,
58152218,"Macleod, Roderick.",mikko_annotated,,,,
306131626,"Macmillan, Anthony, fl. 1786.",mikko_annotated,,,,
45691423,"Macneil, Roger.",mikko_annotated,,,,
223119967,"Macneill, Hector, 1746-1818.",wikidata,,,,
34775726,"Macpherson, Andrew, of Benchar.",mikko_annotated,,,,
100201047,"Macpherson, James, 1736-1796.",wikidata,yes,74,,
27407311,"Macpherson, John, 1710-1765.",sher,yes,75,,
65560160,"Macpherson, John, Sir, 1745-1821.",wikidata,,,,
24472999,"Macqueen, Daniel, -1777.",mikko_annotated,,,,
34555194,"Macquer, Pierre Joseph, 1718-1784.",mikko_annotated,,,,
63074934,"Macvicar, Neil.",mikko_annotated,,,,
56483198,"Madden, William Balfour.",millar_manual,,,,
39493695,"Mair, John, 1702 or 1703-1769.",edinburgh_first_manual_added,,,,
37263479,"Maitland, William, 1693?-1757.",wikidata,,,,
31869294,"Makdougall, Barbara.",mikko_annotated,,,,
59884818,"Malcolm III, King of Scotland, -1093.",wikidata,,,,
32343772,"Malcolm, Alexander, 1685-1763.",edinburgh_first_manual_added,,,,
14642906,"Malcolm, David.",edinburgh_first_manual_added,,,,
59092312,"Mallet, David, 1705?-1765.",millar_manual,,,,
121858403,"Mansfield, David Murray, Earl of, 1727-1796.",mikko_annotated,,,,
13099571,"Mansfield, William Murray, Earl of, 1705-1793.",wikidata,,,,
76325946,"Marchmont, Hugh Hume, Earl of, 1708-1794.",mikko_annotated,,,,
103691176,"Marchmont, Patrick Hume, Earl of, 1641-1724.",wikidata,,,,
49968978,"Marischal, George Keith, Earl, 1693-1778.",wikidata,,,,
306107700,"Marjoribanks, J. (John), -1797?.",mikko_annotated,,,,
68802564,"Marshall, David, active 1764.",mikko_annotated,,,,
2334788,"Marshall, James, 1731-1807.",mikko_annotated,,,,
7296310,"Marshall, John, active 1722-1726.",mikko_annotated,,,,
41711146,"Martin, Alexander, merchant in Aberdeen.",mikko_annotated,,,,
2316665,"Martin, David, 1737-1797,",wikidata,,,,
44169447,"Martin, James, merchant in Aberdeen.",mikko_annotated,,,,
29406975,"Martin, Samuel, 1740-1829.",mikko_annotated,,,,
10990268,"Martine, George, 1702-1741.",millar_manual,,,,
104722318,"Mary, Queen of Scots, 1542-1587.",wikidata,,,,
37696783,"Masson, Francis, 1741-1805.",wikidata,,,,
12209032,"Maxwell, Agnes.",mikko_annotated,,,,
107984521,"Maxwell, James, 1735-1785.",mikko_annotated,,,,
74197717,"Maxwell, John, 1590?-1647.",wikidata,,,,
36785646,"Maxwell, John, 1720-",mikko_annotated,,,,
43859106,"Maxwell, Robert, 1695-1765.",mikko_annotated,,,,
4793996,"Maxwell, Robert, of Cargen",mikko_annotated,,,,
NV20526,"Maxwell, William, -1776.",mikko_annotated,,,,
16182863,"Maxwell, William, Sir, -1789.",mikko_annotated,,,,
15548384,"McAdam, John Loudon, 1756-1836.",wikidata,,,,
12181039,"McBride, John, approximately 1730-1800.",wikidata,,,,
8829181,"McCulloch, William, -1771.",wikidata,,,,
16257139,"McDougall, Alexander, 1732-1786.",wikidata,,,,
235152969,"McHarg, James.",mikko_annotated,,,,
26628182,"Mckenzie, Murdoch, -1797.",wikidata,,,,
31870430,"McLean, Archibald, 1733-1812.",mikko_annotated,,,,
29437250,"McLean, Gallian.",mikko_annotated,,,,
306133053,"McLellan, Mary, active 1762.",mikko_annotated,,,,
31867496,"McRae, James, Minister of the Berean Assembly.",mikko_annotated,,,,
11412763,"Meadowbank, Allan Maconochie, Lord, 1748-1816.",mikko_annotated,,,,
73727464,"Meikleham, William, 1770 or 1771-1846.",wikidata,,,,
68491199,"Mein, Robert.",mikko_annotated,,,,
100331209,"Melfort, John Drummond, Earl of, 1649-1715.",wikidata,,,,
23479750,"Melville, Andrew, 1545-1622.",wikidata,,,,
10651882,"Melville, Henry Dundas, Viscount, 1742-1811.",wikidata,,,,
45185695,"Melville, James, Sir, 1535-1617.",edinburgh_first_manual_added,,,,
14643244,"Melville, Robert, 1723-1809.",wikidata,,,,
37269506,"Menteith, Robert.",millar_manual,,,,
75295015,"Menzies, John, active 18th century.",mikko_annotated,,,,
56513089,"Menzies, John, Sir, -1800.",mikko_annotated,,,,
22015443,"Menzies, Michael, -1766.",mikko_annotated,,,,
NV20867,"Menzies, Robert, Sir, -1786.",mikko_annotated,,,,
26032748,"Meston, William, 1688?-1745.",mikko_annotated,,,,
4940759,"Mickle, William Julius, 1735-1788.",wikidata,yes,76,,
49572049,"Middleton, Erasmus, 1739-1805.",edinburgh_first_manual_added,,,,no
15008766,"Millar, A.",wikidata,,,,
38341768,"Millar, David, 1687 or 1688-1757.",millar_manual,,,,
14835101,"Millar, John, 1735-1801.",wikidata,yes,77,,
66847051,"Millar, Robert, 1672-1752.",edinburgh_first_manual_added,,,,
68831713,"Miller, John, active 1761-1762.",mikko_annotated,,,,
54136661,"Miller, Patrick, 1731-1815.",wikidata,,,,
2334828,"Miller, Thomas, Sir, 1717-1789.",wikidata,,,,
284154620,"Milne, Colin, 1743 or 1744-1815.",wikidata,,,,
69731331,"Minto, Gilbert Elliot, Earl of, 1751-1814.",wikidata,,,,
314839987,"Mitchel, William, 1670 or 1671-1740.",mikko_annotated,,,,
30760894,"Mitchell, Andrew, Sir, 1708-1771.",wikidata,,,,
49093037,"Mitchell, James, merchant in Montrose.",mikko_annotated,,,,
8813810,"Mitchell, William, tacksman.",mikko_annotated,,,,
51563344,"Moir, Andrew.",mikko_annotated,,,,
100304160,"Monboddo, James Burnett, Lord, 1714-1799.",wikidata,yes,26,,
53243022,"Moncreiff-Wellwood, Henry, 1750-1827.",wikidata,,,,
10176103,"Moncreiff, John.",millar_manual,,,,
1438255,"Moncrief, George.",mikko_annotated,,,,
34334231,"Moncrieff, Alexander, 1695-1761.",mikko_annotated,,,,
306131996,"Moncrieff, William, 1728 or 1729-1786.",mikko_annotated,,,,
14876201,"Monro, Alexander, 1697-1767.",edinburgh_first_manual_added,yes,78,,
98734446,"Monro, Alexander, 1733-1817.",wikidata,yes,79,,
64788661,"Monro, Alexander, 1773-1859.",wikidata,,,,
64788674,"Monro, Donald, 1727-1802.",sher,yes,80,,
9718243,"Monro, John, Procurator Fiscal of the High Court of Admiralty in Scotland.",mikko_annotated,,,,
79164972,"Monro, Robert.",wikidata,,,,
66335496,"Montgomery-Cuninghame, David, Sir, -1814",mikko_annotated,,,,
26018458,"Montgomery-Cuninghame, Walter, Sir, -1814.",mikko_annotated,,,,
183634,"Montgomery, James, 1771-1854.",wikidata,,,,
33513279,"Montgomery, Robert, Sir, 1680-1731.",wikidata,,,,
7544656,"Montrose, James Graham, Marquis of, 1612-1650.",wikidata,,,,
12165228,"Montrose, William Graham, Duke of, 1712-1790.",mikko_annotated,,,,
306131223,"Moodie, Benjamin.",mikko_annotated,,,,
242652012,"Moodie, William, 1759-1812.",mikko_annotated,,,,
47129556,"Moor, James, 1712-1779.",sher,yes,81,,
22443724,"Moore, John Hamilton, -1807.",wikidata,,,,
19695750,"Moore, John, 1729-1802.",wikidata,yes,82,,
100325777,"Moore, John, Sir, 1761-1809.",wikidata,,,,
22018585,"Moray, James Stuart, Earl of, 1708-1767.",wikidata,,,,
49596349,"Morison, Alexander, 1779-1866.",wikidata,,,,
54929931,"Morison, Robert, 1620-1683.",wikidata,,,,
31088911,"Morton, James Douglas, Earl of, 1702-1768.",wikidata,,,,
36007034,"Morton, Sholto Charles Douglas, Earl of, 1732-1774.",wikidata,,,,
78650724,"Morton, William Douglas, Earl of, 1583 or 1584-1648.",wikidata,,,,
6389145,"Mounsey, James.",wikidata,,,,
2326071,"Mudie, Elizabeth, active 1764-1770.",mikko_annotated,,,,
4009397,"Muir, Anne.",mikko_annotated,,,,
29407800,"Muir, George, 1723-1771.",mikko_annotated,,,,
NV21753,"Muir, Thomas, 1765-1798.",mikko_annotated,,,,
14643432,"Munro, Robert, Sir, approximately 1684-1746.",mikko_annotated,,,,
101037951,"Murdoch, Patrick, -1774.",millar_manual,,,,
56484126,"Mure, William, 1718-1776.",mikko_annotated,,,,
240466981,"Murray Kynynmound, Agnes, 1731-1778.",mikko_annotated,,,,
51248364,"Murray, Alexander, Sir, -1743.",mikko_annotated,,,,
46617333,"Murray, Archibald, -1773.",mikko_annotated,,,,
54004008,"Murray, Charlotte, Lady, 1754-1808.",wikidata,,,,
58936421,"Murray, George, Lord, 1694-1760.",wikidata,,,,
67305318,"Murray, J.",wikidata,,,,
53120683,"Murray, James, 1721-1794.",wikidata,,,,
306130853,"Murray, James, of Broughton.",mikko_annotated,,,,
2323759,"Murray, John, 1726-1800.",mikko_annotated,,,,
41743048,"Murray, John, 1726-1823.",mikko_annotated,,,,
73757360,"Murray, John, Sir, 1715-1777.",wikidata,,,,
71246097,"Murray, Margaret, active 1760.",mikko_annotated,,,,
21706627,"Murray, Mungo, -1770.",millar_manual,,,,
95881350,"Mylne, Robert, 1734-1811.",wikidata,,,,
34327694,"Nairne, Katharine.",mikko_annotated,,,,
76189529,"Nairne, William, Sir, -1754.",mikko_annotated,,,,
58169719,"Nairne, William, Sir, -1811.",wikidata,,,,
68803196,"Napier, Francis Napier, Lord, 1705-1773.",mikko_annotated,,,,
66342408,"Napier, Gabriel, -1795.",mikko_annotated,,,,
69004697,"Napier, John, 1550-1617.",wikidata,,,,
35976620,"Neilson, John",wikidata,,,,
1235524,"Nicholson, Peter, 1765-1844.",wikidata,,,,
250665895,"Nicol, Alexander.",mikko_annotated,,,,
266418145,"Nicol, G. (George), 1740?-1828,",wikidata,,,,
164827710,"Nicolson, John, 1707-1799.",mikko_annotated,,,,
44172395,"Nicolson, Margaret Stewart, approximately 1748-",mikko_annotated,,,,
72299689,"Nisbet, Charles, 1736-1804.",wikidata,,,,
56484310,"Nisbet, Gabriel.",mikko_annotated,,,,
71736329,"Nisbet, William, 1759-1822.",mikko_annotated,,,,
36781586,"Noble, John, 1721-1776.",mikko_annotated,,,,
32029285,"Ogilby, John, 1600-1676.",wikidata,,,,
44201639,"Ogilvie, Charles, writer in Forfar.",mikko_annotated,,,,
70337109,"Ogilvie, James, Earl of Seafield, 1750-1811.",wikidata,,,,
41708653,"Ogilvie, James, Esq.",mikko_annotated,,,,
66554804,"Ogilvie, John, 1732-1813.",edinburgh_first_manual_added,yes,83,,
44172601,"Ogilvie, Thomas.",mikko_annotated,,,,
59465543,"Ogilvie, William, 1736-1819.",sher,yes,84,,
26139243,"Ogilvy, John, Sir, approximately 1732-1802.",mikko_annotated,,,,
13832481,"Orme, David, (Writer in Edinburgh)",mikko_annotated,yes,85,,
71265072,"Orr, John, -1767.",millar_manual,,,,
352100,"Oswald, James, -1793.",edinburgh_first_manual_added,yes,86,,
100306464,"Oswald, John, -1793.",wikidata,,86,,
56484573,"Ouchterlony, John, active 1772.",mikko_annotated,,,,
6361293,"Pagett, Thomas Catesby, 1689-1742.",edinburgh_first_manual_added,,,,no
4804545,"Panmure, William Maule, Earl of, 1700-1782.",mikko_annotated,,,,
25446711,"Park, James Allan, Sir, 1763-1838.",wikidata,,,,
106963836,"Park, Mungo, 1771-1806.",wikidata,yes,87,,
22258698,"Parkinson, Sydney, 1745?-1771.",wikidata,,,,
61812562,"Pasquali, Nicolo, approximately 1718-1757.",edinburgh_first_manual_added,,,,no
63910644,"Paterson, Hugh, Sir.",wikidata,,,,
44166923,"Paterson, James, staymaker in Edinburgh.",mikko_annotated,,,,
24947228,"Paterson, John, 1604?-1679.",wikidata,,,,
14634349,"Paterson, John, Sir, approximately 1730-1782.",mikko_annotated,,,,
30333036,"Paterson, William, 1658-1719.",wikidata,,,,
14941228,"Paterson, William, 1755-1810.",wikidata,,,,
43220007,"Paterson, William, active 1740.",millar_manual,,,,
64388002,"Patoun, Archibald, 1706-1775.",millar_manual,,,,
NV24407,"Peddie, James, 1758-1845.",mikko_annotated,,,,
70357787,"Pennecuik, Alexander, -1730.",mikko_annotated,,,,
108962770,"Pennington, Sarah, Lady, -1783.",edinburgh_first_manual_added,,,,?
70513990,"Perry, James, 1756-1821.",wikidata,,,,
8846329,"Perry, William, lecturer in the Academy at Edinburgh.",edinburgh_first_manual_added,,,,
56478949,"Perth, James Drummond, Lord, 1744-1800.",wikidata,,,,
10199143,"Philip, Alexander Philip Wilson, 1770-1847.",wikidata,,,,
61419126,"Philip, James, merchant in Aberdeen.",mikko_annotated,,,,
17098068,"Picken, Ebenezer, 1769-1816.",wikidata,,,,
12358699,"Pinkerton, John, 1758-1826.",wikidata,yes,88,,
71265404,"Pirie, Alexander, 1737-1804.",mikko_annotated,,,,
3254905,"Pitcairn, Archibald, 1652-1713.",wikidata,,,,
84818534,"Pitcairn, William, 1711-1791.",wikidata,,,,
53998260,"Pitfour, James Ferguson, Lord, 1700-1777.",wikidata,,,,
15552516,"Playfair, John, 1748-1819.",wikidata,yes,89,,
64366640,"Playfair, William, 1759-1823.",wikidata,,,,
4805113,"Polkemmet, William Baillie, Lord, -1816.",mikko_annotated,,,,
279955189,"Pollock, Robert, Sir, -1783.",mikko_annotated,,,,
17098215,"Preston, George (Bailie of Edinburgh)",mikko_annotated,,,,
68803804,"Preston, William, approximately 1680-1752.",mikko_annotated,,,,
23583591,"Prestongrange, William Grant, Lord, 1701-1764.",mikko_annotated,,,,
78626072,"Primrose, John, 1725-1755.",mikko_annotated,,,,
12476776,"Pringle, John, Sir, 1707-1782.",wikidata,yes,90,,
276144783100716168985,"Pulteney, William.",wikidata,,,,
55700778,"Purdie, Alexander, -1779,",wikidata,,,,
8833254,"Purves, James, 1734-1795.",mikko_annotated,,,,
246210075,"Queensberry, Charles Douglas, Duke of, 1698-1778.",wikidata,,,,
77746518,"Queensberry, James Douglas, Duke of, 1662-1711.",wikidata,,,,
50697752,"Queensberry, William Douglas, Duke of, 1725-1810.",wikidata,,,,
24475092,"Rae, Peter, 1671-1749.",millar_manual,,,,
40805241,"Rae, Robert.",mikko_annotated,,,,
28673870,"Ramsay, Alexander, 1754?-1824.",wikidata,,,,
77108557,"Ramsay, Allan, 1685-1758.",wikidata,,,,
49266202,"Ramsay, Allan, 1713-1784.",wikidata,,,,
306131508,"Ramsay, Allan, of Kinkell.",wikidata,,,,
27070583,"Ramsay, Chevalier (Andrew Michael), 1686-1743.",wikidata,,,,
44165464,"Ramsay, James, -1774.",mikko_annotated,,,,
NV26162,"Ramsay, John, of Auchtertyre.",mikko_annotated,,,,
76186727,"Rankine, Robert, of Colden.",mikko_annotated,,,,
294734441,"Read, William, Sir, -1715.",wikidata,,,,
94852264,"Reid, Andrew, -1767?.",millar_manual,,,,
24615724,"Reid, Thomas, 1710-1796.",wikidata,yes,91,,
14964622,"Reinagle, Alexander, 1756-1809.",wikidata,,,,
17610212,"Rennie, George, 1749-1828.",wikidata,,,,
10597726,"Rennie, John, 1761-1821.",wikidata,,,,
64352523,"Renwick, James, 1662-1688.",wikidata,,,,
26911481,"Reoch, William.",mikko_annotated,,,,
13154176,Residing member of the Society for Promoting Christian Knowledge.,wikidata,,,,
56485173,"Riccaltoun, Robert, 1691-1769.",mikko_annotated,,,,
140908,"Richardson, William, 1743-1814.",edinburgh_first_manual_added,yes,92,,
66336961,"Riddell, James, Sir, -1797.",mikko_annotated,,,,
63882415,"Ritchie, David, 1763-1844.",wikidata,,,,
59524254,"Robe, James, 1688-1753.",mikko_annotated,,,,
263516322,"Robert II, King of Scotland, 1316-1390.",wikidata,,,,
223446965,"Roberts, John, 1768-1803,",wikidata,,,,
3585050,"Robertson, Abram, 1751-1826.",wikidata,,,,
46633348,"Robertson, Alexander, 1667 or 1668-1749.",mikko_annotated,,,,
62915043,"Robertson, Archibald, 1765-1835,",wikidata,,,,
16223894,"Robertson, George, 1750?-1832.",mikko_annotated,,,,
73710364,"Robertson, James, 1714-1795.",mikko_annotated,,,,
72226824,"Robertson, James, 1717-1788.",wikidata,,,,
29409124,"Robertson, John, active 1760-1790",mikko_annotated,,,,
31871614,"Robertson, Joseph, active 1794.",mikko_annotated,,,,
4491807,"Robertson, Thomas, -1799.",mikko_annotated,yes,93,,
17126573,"Robertson, Thomas, printer in Edinburgh.",mikko_annotated,,,,
59177542,"Robertson, William, 1721-1793.",edinburgh_first_manual_added,yes,94,,
48318434,"Robertson, William, 1740-1803.",mikko_annotated,,,,
46904978,"Robison, John, 1739-1805.",wikidata,,,,
9722692,"Roebuck, John, 1718-1794.",mikko_annotated,,,,
73718544,"Rorison, William.",mikko_annotated,,,,
12343395,"Rose, George, 1744-1818.",wikidata,,,,
33523649,"Rose, Hugh, of Kilravock.",mikko_annotated,,,,
68775900,"Rose, James, of Clava.",mikko_annotated,,,,
39251943,"Rosebery, Archibald Primrose, Earl of, 1664-1723.",wikidata,,,,
41714473,"Rosebery, James Primrose, Earl of, approximately 1691-1755.",mikko_annotated,,,,
306072854,"Rosebery, Niel Primrose, Earl of, 1729-1814.",mikko_annotated,,,,
6376156,"Ross of Hawkhead, William Ross, Baron, 1656?-1738.",wikidata,,,,
9905622,"Ross, Alexander, 1591-1654.",wikidata,,,,
30997940,"Ross, Alexander, 1647?-1720.",wikidata,,,,
2343705,"Ross, Alexander, 1699-1784.",wikidata,,,,
19582540,"Ross, Andrew (Chamberlain of the earldom of Orkney)",mikko_annotated,,,,
14645367,"Ross, Charles, of Balnagown.",mikko_annotated,,,,
39236281,"Ross, David, 1728-1790.",mikko_annotated,,,,
76219383,"Ross, Elisabeth, active 1761-1763.",mikko_annotated,,,,
51557103,"Ross, Elizabeth, active 1771.",mikko_annotated,,,,
62976011,"Ross, Hugh.",mikko_annotated,,,,
14645435,"Ross, John Lockhart, Sir, 1721-1790.",wikidata,,,,
19554649,"Ross, Munro, -1810.",mikko_annotated,,,,
72928599,"Ross, Walter, 1738-1789.",mikko_annotated,,,,
46319696,"Rosslyn, Alexander Wedderburn, Earl of, 1733-1805.",wikidata,,,,
31871679,"Roxburghe, Robert Ker, Duke of, approximately 1709-1755.",mikko_annotated,,,,
76619080,"Roy, William, 1726-1790.",wikidata,,,,
61599982,"Ruddiman, Walter, 1687-1770.",mikko_annotated,,,,
101583814,"Ruddimanni, Thomas",millar_manual,,,,
24475457,"Ruglen, Anne Hamilton, Countess of, 1698-1748.",wikidata,,,,
23326053,"Russell, Alexander, 1715?-1768.",wikidata,,,,
4805719,"Russell, John, 1710-1796.",mikko_annotated,,,,
18003738,"Russell, Patrick, 1727-1805.",wikidata,,,,
70390606,"Russell, William, 1741-1793.",sher,yes,95,,
76463411,"Rutherford, Daniel, 1749-1819.",wikidata,,,,
71630182,"Rutherford, Samuel, 1600?-1661.",wikidata,,,,
35987805,"Saltoun of Abernethy, Alexander Fraser, Baron, 1684-1748.",mikko_annotated,,,,
71829933,"Sandeman, Robert, 1718-1771.",wikidata,,,,
29643986,"Saunders, William, 1743-1817.",wikidata,,,,
78653705,"Scot, Alexander, active 1785.",mikko_annotated,,,,
28594277,"Scot, David, of Benholm.",mikko_annotated,,,,
66343784,"Scot, Isabella, Lady, active 1748.",mikko_annotated,,,,
89415245,"Scot, Michael, approximately 1175-approximately 1234,",wikidata,,,,
76218431,"Scot, William, active 1723.",mikko_annotated,,,,
62990836,"Scott, David, of Scotstarvet.",mikko_annotated,,,,
NV27926,"Scott, John, Colonel.",mikko_annotated,,,,
28216193,"Scott, William, 1750-1804.",mikko_annotated,,,,
51593332,"Scougal, George.",mikko_annotated,,,,
19554840,"Seaforth, Frances Mackenzie, Countess of, -1732.",mikko_annotated,,,,
33535648,"Selkirk, Dunbar Douglas, Earl of, 1722-1799.",mikko_annotated,,,,
56485708,"Shanks, Alexander, 1732-1799.",mikko_annotated,,,,
239572595,"Shaw-Stewart, John, Sir, 1739-1812.",mikko_annotated,,,,
41890027,"Shenstone, William, 1714-1763.",mikko_annotated,,,,no
283061158,"Shields, Alexander, 1660?-1700.",mikko_annotated,,,,
282255655,"Shirra, Robert, 1724-1803.",mikko_annotated,,,,
35984132,"Shirreff, John, 1759-1818",wikidata,,,,
23517862,"Shirrefs, Andrew, 1762-1807?.",mikko_annotated,,,,
50726614,"Short, James, 1710-1768.",wikidata,,,,
76219429,"Short, John, active 1761-1762.",mikko_annotated,,,,
17571781,"Short, Thomas, 1690?-1772.",millar_manual,,,,
102427525,"Sibbald, J. (James), 1745-1803,",wikidata,,,,
52626362,"Sibbald, Robert, Sir, 1641-1722.",wikidata,,,,
34332245,"Sievwright, Norman.",millar_manual,,,,
60021818,"Simson, John, 1668?-1740.",mikko_annotated,,,,
61632691,"Simson, Robert, 1687-1768.",wikidata,yes,96,,
71738285,"Simson, Thomas, 1696-1764.",mikko_annotated,,,,
305049781,"Sinclair, Charles.",mikko_annotated,,,,
34323164,"Sinclair, David Threipland, -1773.",mikko_annotated,,,,
100394716,"Sinclair, David.",mikko_annotated,,,,
34332189,"Sinclair, George, -1770.",mikko_annotated,,,,
306131221,"Sinclair, Henrietta.",mikko_annotated,,,,
4797026,"Sinclair, James, of Duran.",mikko_annotated,,,,
306131211,"Sinclair, James, of Harpsdale.",mikko_annotated,,,,
12182793,"Sinclair, John, -1784.",mikko_annotated,,,,
55554655,"Sinclair, John, Sir, -1788.",mikko_annotated,,,,
46750988,"Sinclair, John, Sir, 1754-1835.",wikidata,yes,97,,
273787252,"Sinclair, Katherine.",mikko_annotated,,,,
44145344,"Sinclair, William, of Freswick.",mikko_annotated,,,,
36943312,"Skene, James, 1775-1864.",wikidata,,,,
53145219,"Skinner, John, 1721-1807.",wikipedia_list,,,,
73412070,"Skinner, John, 1744-1816.",wikidata,,,,
26624522,"Skirving, William, -1796.",mikko_annotated,,,,
2518151,"Small, Robert, 1732-1808.",wikidata,,,,
8165306,"Smellie, William, 1697-1763.",wikidata,yes,98,,
43288588,"Smellie, William, 1740-1795.",wikidata,yes,99,,
49231791,"Smith, Adam, 1723-1790.",wikidata,yes,100,,
30895922,"Smith, Charles, 1749?-1824.",wikidata,,,,
100212166,"Smith, John, 1747-1807.",mikko_annotated,,,,
26940612,"Smith, John, of Balharry.",mikko_annotated,,,,
46319919,"Smith, Thomas (Baillie of Edinburgh)",mikko_annotated,,,,
18592458,"Smith, William, 1727-1803.",wikidata,,,,
68935985,"Smollett, Tobias George, 1721-1771.",wikidata,yes,101,,
72213847,"Smyth, James Carmichael, 1741-1821.",wikidata,,,,
13119324,"Somerville, Thomas, 1741-1830.",wikidata,yes,102,,
44644697,"Spalding, John, 1609-1670.",wikidata,,,,
42685947,"Spence, Elizabeth Isabella, 1768-1832.",wikidata,,,,
39726943,"Spottiswood, James, 1567-1645.",wikidata,,,,
14914104,"Spottiswood, John, 1565-1639.",wikidata,,,,
305127251,"Spottiswoode, John.",mikko_annotated,,,,
61405001,"Sprott, William.",mikko_annotated,,,,
15582235,"St. Clair, Arthur, 1734-1818.",wikidata,,,,
22066918,"Stair, John Dalrymple, Earl of, 1648-1707.",wikidata,,,,
23193709,"Stair, John Dalrymple, Earl of, 1673-1747.",wikidata,,,,
55221367,"Stair, John Dalrymple, Earl of, 1720-1789.",mikko_annotated,,,,
69162697,"Steuart, David, 1747-1824.",mikko_annotated,,,,
4956723,"Steuart, James, Sir, 1712-1780.",wikidata,yes,103,,
61465768,"Steuart, Robert, -1747.",mikko_annotated,,,,
63883386,"Stevenson, Andrew, writer in Edinburgh.",mikko_annotated,,,,
58139275,"Stewart-Nicolson, Houston.",mikko_annotated,,,,
66330126,"Stewart, Agnes.",mikko_annotated,,,,
17099365,"Stewart, Alexander, -1794.",wikidata,,,,
52040859,"Stewart, Alexander, 1764-1821.",wikidata,,,,
27111748,"Stewart, Dugald, 1753-1828.",wikidata,yes,104,,
10781602,"Stewart, James, -1752.",mikko_annotated,,,,
39252824,"Stewart, James, Lieutenant.",mikko_annotated,,,,
14673472,"Stewart, John, merchant in Perth.",mikko_annotated,,,,
306131870,"Stewart, Keith, 1738 or 1739-1795.",mikko_annotated,,,,
100370422,"Stewart, Matthew, 1717-1785.",wikidata,yes,105,,
29410223,"Stewart, Michael, Sir, 1711 or 1712-1796.",mikko_annotated,,,,
73730219,"Stewart, Robert, 1746-",mikko_annotated,,,,
76191645,"Stewart, Walter, Esq.",mikko_annotated,,,,
66371198,"Stewart, William, approximately 1706-",mikko_annotated,,,,
61448608,"Stirling, Archibald.",mikko_annotated,,,,
44447841,"Stirling, James, 1692-1770.",wikidata,,,,
51720550,"Stirling, William Alexander, Earl of, 1567 or 1568-1640.",wikidata,,,,
58956582,"Stirling, William, of Glasgow, merchant.",mikko_annotated,,,,
100907418,"Stone, Edmund, -1768.",wikidata,,,,
39467138,"Strahan, William",wikidata,,,,
71664700,"Strange, Robert, Sir, 1721-1792.",wikidata,,,,
17099396,"Strathmore and Kinghorne, Thomas Lyon, Earl of, 1704-1753.",mikko_annotated,,,,
39243359,"Straton, Patrick.",mikko_annotated,,,,
32430927,"Stuart, Alexander, 1673-1742.",wikidata,,,,
13836665,"Stuart, David, 1753-",wikidata,,,,
10734805,"Stuart, Gilbert, 1742-1786.",edinburgh_first_manual_added,yes,106,,
34323186,"Stuart, James, Captain.",mikko_annotated,,,,
267747387,"Sutherland, Alexander, -1773.",millar_manual,,,,
224151106,"Sutherland, Elizabeth Leveson-Gower, Duchess of, 1765-1839.",mikko_annotated,,,,
26910080,"Sutherland, John, Captain.",mikko_annotated,,,,
28500636,"Sutherland, Mary Maxwell Sutherland, Countess of, approximately 1740-1766.",mikko_annotated,,,,
49083677,"Sutherland, William Sutherland, Earl of, 1708-1750.",mikko_annotated,,,,
66371200,"Sutherland, William Sutherland, Earl of, 1735-1766.",mikko_annotated,,,,
22575487,"Swan, James, 1754-1830.",wikidata,,,,
289345687,"Swinton, John Swinton, Lord, -1799.",mikko_annotated,,,,
45714838,"Syme, Andrew.",mikko_annotated,,,,
14646378,"Symmer, Robert, -1763.",wikidata,,,,
31900328,"Tait, James.",mikko_annotated,,,,
22006569,"Tait, John, -1802.",mikko_annotated,,,,
66344360,"Tait, John, 1748-1817.",edinburgh_first_manual_added,,,,
69297710,"Tannahill, Robert, 1774-1810.",wikidata,,,,
8245126,"Tassie, James, 1735-1799.",wikidata,,,,
306131896,"Taylor, Lauchlan.",millar_manual,,,,
9408691,"Taylor, William, writer in Edinburgh.",mikko_annotated,,,,
45848541,"Telfair, Edward, approximately 1735-1807",wikidata,,,,
35254198,"Telford, Thomas, 1757-1834.",wikidata,,,,
34885163,"Tennent, John, 1710-1748.",millar_manual,,,,
1445031,"Teviot, Andrew Rutherford, Earl of, -1664.",wikidata,,,,
56647344,"Thom, William, 1710-1790.",mikko_annotated,,,,
193258124,"Thomas, the Rhymer, 1220?-1297.",wikidata,,,,
8756278,"Thomson, Alexander, 1763-1803.",mikko_annotated,,,,
14778969,"Thomson, James, 1700-1748.",wikidata,,,,
16181516,"Thomson, John, 1733?-1807.",edinburgh_first_manual_added,,,,
54576490,"Thomson, Mr. (George), 1757-1851.",wikidata,,,,
34570795,"Thomson, Thomas, 1773-1852.",wikidata,,,,
10701038,"Thomson, William, 1746-1817.",sher,yes,107,,
34333030,"Threipland, Patrick Murray, Sir, 1762-1837.",mikko_annotated,,,,
10982912,"Threipland, Stuart, Sir, 1716-1805.",mikko_annotated,,,,
42620067,"Tilloch, Alexander, 1759-1825,",wikidata,,,,
58956802,"Torphichen, James Sandilands, Lord, approximately 1675-1753.",mikko_annotated,,,,
306131911,"Trail, William, 1746-1831.",mikko_annotated,,,,
42739611,"Traill, Robert, 1642-1716.",mikko_annotated,,,,
22019292,"Trotter, John, 1726-1808.",wikidata,,,,
12183867,"Trotter, Thomas (Merchant in Edinburgh)",mikko_annotated,,,,
5278985,"Trotter, Thomas, 1760-1832.",wikidata,,,,
45855456,"Tullideph, Thomas, -1777.",mikko_annotated,,,,
61415581,"Turing, James (Merchant in Middleburgh)",mikko_annotated,,,,
44411,"Turnbull, George, 1698-1748.",wikidata,,,,
4801311,"Turnbull, Thomas, (Merchant)",mikko_annotated,,,,
73715671,"Tweeddale, George Hay, Marquis of, -1787.",mikko_annotated,,,,
54024677,"Tweeddale, George Hay, Marquis of, 1758-1770.",mikko_annotated,,,,
8937268,"Tweeddale, John Hay, Marquis of, 1626?-1697.",wikidata,,,,
13839156,"Tweeddale, John Hay, Marquis of, approximately 1695-1762.",mikko_annotated,,,,
121608359,"Tytler, James, 1745-1805.",wikidata,,,,
NV31868,"Tytler, James, M.A., of Brechin, Forfarshire.",mikko_annotated,,,,
31985694,"Tytler, William, 1711-1792.",sher,yes,109,,
66344683,"Udny, Alexander, -1789.",mikko_annotated,,,,
234707689,"Udny, Margaret, -1793",mikko_annotated,,,,
41398626,"Ure, David, -1798.",wikidata,,,,
34510167,"Urquhart, Leonard, -1786",mikko_annotated,,,,
61540558,"Urquhart, Thomas, 1611-1660.",wikidata,,,,
43369052,"Urquhart, William.",mikko_annotated,,,,
75386316,"Veitch, James, Lord Elliock, 1712-1793.",mikko_annotated,,,,
16004409,"Vetch, Samuel, 1668-1732.",wikidata,,,,
267883763,"Vilant, Nicolas, -1807.",wikidata,,,,
57507191,"Walker, George, D.D., Governor of Londonderry.",wikidata,,,,
14646814,"Walker, James, approximately 1770-1841.",wikidata,,,,
2324952,"Walker, John (Baillie of Edinburgh)",mikko_annotated,,,,
8168397,"Walker, John, 1731-1803.",wikidata,yes,110,,
95366997,"Walker, Patrick, 1666?-1745?.",mikko_annotated,,,,
6041181,"Walker, Robert, 1716-1783.",edinburgh_first_manual_added,,,,
52037372,"Walker, Thomas, 1704-1780.",mikko_annotated,,,,
77869520,"Wallace, Andrew, -1764.",mikko_annotated,,,,
312823407,"Wallace, George, 1727-1805.",sher,yes,111,,
12153240,"Wallace, Patrick, active 1747.",mikko_annotated,,,,
64076512,"Wallace, Robert, 1697-1771.",wikidata,yes,112,,
77849661,"Wallace, William, 1711-1763.",mikko_annotated,,,,
13087885,"Wallace, William, 1768-1843.",wikidata,,,,
11950576,"Warden, Hugh, 1745-",wikidata,,,,
75042293,"Watling, Thomas, 1762-",wikidata,,,,
54200258,"Watson, James",wikidata,,,,
100210641,"Watson, Robert, 1730?-1781.",edinburgh_first_manual_added,yes,113,,
22269445,"Watt, James, 1736-1819.",wikidata,,,,
8760983,"Watt, Robert, -1794.",mikko_annotated,,,,
16194664,"Webster, Alexander, 1707-1784.",mikko_annotated,,,,
66899122,"Webster, Charles, 1750-1795.",mikko_annotated,,,,
65516783,"Webster, James, 1658?-1720.",mikko_annotated,,,,
31853561,"Wedderburn, Alexander, -1779.",mikko_annotated,,,,
54025123,"Wedderburn, James, approximately 1495-1553",wikidata,,,,
78655260,"Wedderburn, John, Sir, 1704-1746.",wikidata,,,,
61412219,"Wedderburn, John, Sir, 1729-1803.",wikidata,,,,
77635235,"Welch, John, 1568?-1622.",wikidata,,,,
26928612,"Wemyss, David.",mikko_annotated,,,,
NV33130,"Wemyss, James.",mikko_annotated,,,,
306131938,"West, Elisabeth, of County Durham.",wikidata,,,,
9898922,"West, Thomas, -1779.",wikidata,,,,
27107411,"Whitefield, George, 1714-1770.",mikko_annotated,,,,no
59472416,"Whitefoord, Caleb, 1734-1810.",wikidata,,,,
21213399,"Whitworth, Robert, active 1773-1797.",mikko_annotated,,,,
51767169,"Whytt, Robert, 1714-1766.",wikidata,yes,114,,
10780746,"Wilkie, William, 1721-1772.",edinburgh_first_manual_added,yes,115,,
31089719,"Williams, John, approximately 1730-1795.",mikko_annotated,,,,
20111644,"Williamson, Peter, 1730-1799.",wikipedia_list,,,,
48207285,"Willison, John, 1680-1750.",mikko_annotated,,,,
69711278,"Wilson, Alexander, 1714-1786.",wikidata,,,,
34471057,"Wilson, Alexander, 1766-1813.",wikidata,,,,
15571278,"Wilson, James, 1742-1798.",wikidata,,,,
8169030,"Wilson, James, 1765-1821.",wikidata,,,,
49104141,"Wilson, William, -1751.",millar_manual,,,,
53114551,"Wilson, William, 1690-1741.",mikko_annotated,,,,
73731097,"Wilson, William, 1709 or 1710-1787.",mikko_annotated,,,,
14673924,"Wilson, William, writer at Murrayshall.",mikko_annotated,,,,
69834062,"Winzet, Ninian, 1518-1592,",wikidata,,,,
28465859,"Wishart, George, 1513?-1546,",wikidata,,,,
28476606,"Wishart, George, 1703?-1785.",millar_manual,,,,
32348398,"Wishart, William, -1753.",mikko_annotated,,,,
67264669,"Witherspoon, John, 1723-1794.",wikidata,,,,
5280128,"Wodrow, Robert, 1679-1734.",wikidata,,,,
66345152,"Wood, Andrew, 1714 or 1715-1772.",millar_manual,,,,
118295397,"Wood, John Philip, -1838.",wikipedia_list,,,,
100215110,"Wood, Robert, 1717?-1771.",millar_manual,,,,
2818795,"Woodhouselee, Alexander Fraser Tytler, Lord, 1747-1813.",wikidata,yes,108,,
73731107,"Wright, James, minister of the gospel at Maybole.",mikko_annotated,,,,
26941735,"Wright, William, 1735-1819.",wikidata,,,,
4798255,"Young, Alexander, 1759-1842.",mikko_annotated,,,,
7294401,"Young, David (Merchant in Glasgow)",mikko_annotated,,,,
15936667,"Young, David, of Perth.",mikko_annotated,,,,
18673679,"Young, John, minister of the Gospel at Hawick, in Scotland.",mikko_annotated,,,,
9749283,"Young, John, writer in Edinburgh.",mikko_annotated,,,,
37969212,"Young, Patrick, 1584-1652.",wikidata,,,,
67360367,"Young, Thomas, 1587-1655.",wikidata,,,,
16220546,"Young, William, 1755-1829,",wikidata,,,,